Movie Name,Year,Character,IMDb Rating,Box Office,gender
Chicken Little,2005,Abby Mallard,5.7,135289768,female
Chicken Little,2005,Buck Cluck,5.7,135289768,male
Chicken Little,2005,Chicken Little,5.7,135289768,male
Chicken Little,2005,Fish Out of Water,5.7,135289768,male
Chicken Little,2005,Foxy Loxy,5.7,135289768,female
Chicken Little,2005,Goosey Loosey,5.7,135289768,female
Chicken Little,2005,Kirby,5.7,135289768,male
Chicken Little,2005,Melvin,5.7,135289768,male
Chicken Little,2005,Morcupine Porcupine,5.7,135289768,male
Chicken Little,2005,Mr. Woolensworth,5.7,135289768,None
Chicken Little,2005,Runt of the Litter,5.7,135289768,male
Chicken Little,2005,Tina,5.7,135289768,female
Chicken Little,2005,Turkey Lurkey,5.7,135289768,male
The Aristocats,1970,Abigail Gabble,7.1,,female
The Aristocats,1970,Amelia Gabble,7.1,,female
The Aristocats,1970,Berlioz,7.1,,male
The Aristocats,1970,Billy Boss,7.1,,male
The Aristocats,1970,Duchess,7.1,,female
The Aristocats,1970,Edgar Balthazar the Butler,7.1,,male
The Aristocats,1970,Frou-Frou,7.1,,female
The Aristocats,1970,Georges Hautecourt,7.1,,male
The Aristocats,1970,Hit Cat the English Cat,7.1,,male
The Aristocats,1970,Lafayette the Basset Hound,7.1,,male
The Aristocats,1970,Madame Adelaide Bonfamille,7.1,,female
The Aristocats,1970,Marie,7.1,,female
The Aristocats,1970,Napoleon the Bloodhound,7.1,,male
The Aristocats,1970,Peppo the Italian Cat,7.1,,male
The Aristocats,1970,Roquefort the Mouse,7.1,,male
The Aristocats,1970,Scat Cat,7.1,,female
The Aristocats,1970,Shun Gon the Chinese Cat,7.1,,male
The Aristocats,1970,Thomas O'Malley,7.1,,male
The Aristocats,1970,Toulouse,7.1,,male
The Aristocats,1970,Uncle Waldo,7.1,,male
Aladdin and the Return of Jafar,1994,Abis Mal,5.9,,male
Aladdin,1992,Abu,8,,male
Aladdin,1992,Aladdin,8,,male
Aladdin,1992,Genie,8,,female
Aladdin,1992,Iago,8,,male
Aladdin,1992,Jafar,8,,male
Aladdin,1992,Magic Carpet,8,,male
Aladdin,1992,Princess Jasmine,8,,female
Aladdin,1992,Rajah,8,,male
Aladdin,1992,Razoul,8,,male
Aladdin,1992,The Sultan,8,,male
The Hunchback of Notre Dame,1996,Achilles,6.9,,male
The Hunchback of Notre Dame,1996,The Archdeacon,6.9,,male
The Hunchback of Notre Dame,1996,Captain Phoebus,6.9,,male
The Hunchback of Notre Dame,1996,Clopin Trouillefou,6.9,,male
The Hunchback of Notre Dame,1996,Djali,6.9,,male
The Hunchback of Notre Dame,1996,Esmeralda,6.9,,female
The Hunchback of Notre Dame,1996,Hugo,6.9,,male
The Hunchback of Notre Dame,1996,Judge Claude Frollo,6.9,,male
The Hunchback of Notre Dame,1996,Laverne,6.9,,female
The Hunchback of Notre Dame,1996,Quasimodo,6.9,,male
The Hunchback of Notre Dame,1996,Victor,6.9,,male
The Little Mermaid,1989,Adella,7.6,,female
The Little Mermaid,1989,Alana,7.6,,female
The Little Mermaid,1989,Andrina,7.6,,female
The Little Mermaid,1989,Aquata,7.6,,female
The Little Mermaid,1989,Ariel,7.6,,male
The Little Mermaid,1989,Arista,7.6,,female
The Little Mermaid,1989,Attina,7.6,,female
The Little Mermaid,1989,Carlotta the Maid,7.6,,male
The Little Mermaid,1989,Chef Louis,7.6,,male
The Little Mermaid,1989,Eric,7.6,,male
The Little Mermaid,1989,Flotsam and Jetsam,7.6,,male
The Little Mermaid,1989,Flounder,7.6,,female
The Little Mermaid,1989,Grimsby,7.6,,male
The Little Mermaid,1989,Harold the Seahorse,7.6,,male
The Little Mermaid,1989,King Triton,7.6,,male
The Little Mermaid,1989,Max the Sheepdog,7.6,,male
The Little Mermaid,1989,Prince Eric,7.6,,male
The Little Mermaid,1989,Scuttle,7.6,,male
The Little Mermaid,1989,Sebastian,7.6,,male
The Little Mermaid,1989,Ursula,7.6,,female
The Little Mermaid,1989,Vanessa (The Little Mermaid),7.6,,female
The Aristocats,1970,Adelaide,7.1,,female
Wreck-It Ralph,2012,Adorabeezle Winterpop,7.7,189412677,None
Wreck-It Ralph,2012,Candlehead,7.7,189412677,None
Wreck-It Ralph,2012,Crumbelina DiCaramello,7.7,189412677,None
Wreck-It Ralph,2012,Duncan,7.7,189412677,male
Wreck-It Ralph,2012,"Fix-It Felix, Jr.",7.7,189412677,male
Wreck-It Ralph,2012,General Hologram,7.7,189412677,male
Wreck-It Ralph,2012,Gloyd Orangeboar,7.7,189412677,male
Wreck-It Ralph,2012,Jubileena Bing-Bing,7.7,189412677,female
Wreck-It Ralph,2012,King Candy/Turbo,7.7,189412677,male
Wreck-It Ralph,2012,Mr. Litwak,7.7,189412677,female
Wreck-It Ralph,2012,Markowski,7.7,189412677,male
Wreck-It Ralph,2012,Minty Zaki,7.7,189412677,male
Wreck-It Ralph,2012,Rancis Fluggerbutter,7.7,189412677,male
Wreck-It Ralph,2012,Sergeant Calhoun,7.7,189412677,male
Wreck-It Ralph,2012,Snowanna Rainbeau,7.7,189412677,female
Wreck-It Ralph,2012,Sour Bill,7.7,189412677,male
Wreck-It Ralph,2012,"Swizzle ""The Swizz"" Malarkey",7.7,189412677,male
Wreck-It Ralph,2012,Taffyta Muttonfudge,7.7,189412677,None
Wreck-It Ralph,2012,Vanellope von Schweetz,7.7,189412677,female
Wreck-It Ralph,2012,Wreck-It Ralph,7.7,189412677,male
Wreck-It Ralph,2012,Wynchel,7.7,189412677,None
Bolt,2008,The Agent,6.8,114053579,male
Bolt,2008,Blake,6.8,114053579,male
Bolt,2008,Bolt,6.8,114053579,male
Bolt,2008,The Director,6.8,114053579,male
Bolt,2008,Dr. Calico,6.8,114053579,male
Bolt,2008,Dr. Forrester,6.8,114053579,male
Bolt,2008,Mindy,6.8,114053579,female
Bolt,2008,Mittens,6.8,114053579,female
Bolt,2008,Penny,6.8,114053579,female
Bolt,2008,Penny's Mom,6.8,114053579,male
Bolt,2008,Rhino,6.8,114053579,male
Bolt,2008,Thug,6.8,114053579,male
Bolt,2008,Veteran Cat,6.8,114053579,female
Lilo & Stitch,2002,Agent Wendy Pleakley,7.2,145771527,female
Lilo & Stitch,2002,Cobra Bubbles,7.2,145771527,male
Lilo & Stitch,2002,David Kawena,7.2,145771527,male
Lilo & Stitch,2002,Dr. Jumba Jookiba,7.2,145771527,male
Lilo & Stitch,2002,Captain Gantu,7.2,145771527,male
Lilo & Stitch,2002,Grand Councilwoman,7.2,145771527,male
Lilo & Stitch,2002,Lilo Pelekai,7.2,145771527,female
Lilo & Stitch,2002,Mertle Edmonds,7.2,145771527,None
Lilo & Stitch,2002,Mrs. Hasagawa,7.2,145771527,None
Lilo & Stitch,2002,Nani Pelekai,7.2,145771527,female
Lilo & Stitch,2002,Stitch,7.2,145771527,male
Donald Duck and the Gorilla,1944,Ajax the Gorilla,7.4,,male
The Jungle Book,2016,Akela,7.4,363995937,male
The Jungle Book,2016,Bagheera,7.4,363995937,female
The Jungle Book,2016,Baloo Bear,7.4,363995937,male
The Jungle Book,2016,Buzzie the Vulture,7.4,363995937,male
The Jungle Book,2016,Colonel Hathi,7.4,363995937,male
The Jungle Book,2016,Dizzie the Vulture,7.4,363995937,male
The Jungle Book,2016,Father Wolf,7.4,363995937,male
The Jungle Book,2016,Flaps the Vulture,7.4,363995937,male
The Jungle Book,2016,Flunkey the Baboon,7.4,363995937,male
The Jungle Book,2016,Junior,7.4,363995937,male
The Jungle Book,2016,Kaa,7.4,363995937,female
The Jungle Book,2016,King Louie,7.4,363995937,male
The Jungle Book,2016,Mowgli,7.4,363995937,male
The Jungle Book,2016,Shanti (The Girl),7.4,363995937,female
The Jungle Book,2016,Shere Khan,7.4,363995937,male
The Jungle Book,2016,Winifred the Elephant,7.4,363995937,male
The Jungle Book,2016,Ziggy the Vulture,7.4,363995937,male
Lady and the Tramp,1955,Al the Alligator,7.3,,male
Lady and the Tramp,1955,Aunt Sarah,7.3,,female
Lady and the Tramp,1955,Beaver,7.3,,male
Lady and the Tramp,1955,Darling,7.3,,female
Lady and the Tramp,1955,Jim Dear,7.3,,male
Lady and the Tramp,1955,Jock,7.3,,male
Lady and the Tramp,1955,Lady,7.3,,female
Lady and the Tramp,1955,Peg,7.3,,female
Lady and the Tramp,1955,Si & Am,7.3,,male
Lady and the Tramp,1955,Tramp,7.3,,male
Lady and the Tramp,1955,Trusty,7.3,,male
Dinosaur,2000,Aladar,6.5,135606304,male
Dinosaur,2000,Baylene,6.5,135606304,None
Dinosaur,2000,Bruton,6.5,135606304,male
Dinosaur,2000,Eema,6.5,135606304,female
Dinosaur,2000,Kron,6.5,135606304,male
Dinosaur,2000,Neera,6.5,135606304,female
Dinosaur,2000,Plio,6.5,135606304,female
Dinosaur,2000,Suri,6.5,135606304,female
Dinosaur,2000,Url,6.5,135606304,male
Dinosaur,2000,Yar,6.5,135606304,male
Dinosaur,2000,Zini,6.5,135606304,male
Home on the Range,2004,Alameda Slim,5.3,49887802,male
Home on the Range,2004,Audrey the Chicken,5.3,49887802,male
Home on the Range,2004,Buck,5.3,49887802,male
Home on the Range,2004,Grace,5.3,49887802,female
Home on the Range,2004,Jeb the Goat,5.3,49887802,male
Home on the Range,2004,Junior the Buffalo,5.3,49887802,male
Home on the Range,2004,Larry the Duck,5.3,49887802,male
Home on the Range,2004,Lucky Jack,5.3,49887802,male
Home on the Range,2004,Maggie,5.3,49887802,female
Home on the Range,2004,Mrs. Calloway,5.3,49887802,male
Home on the Range,2004,Ollie the Pig,5.3,49887802,male
Home on the Range,2004,Pearl Gesner,5.3,49887802,male
Home on the Range,2004,Rico,5.3,49887802,male
Home on the Range,2004,Rusty the Dog,5.3,49887802,male
Home on the Range,2004,Sam the Sheriff,5.3,49887802,male
Home on the Range,2004,Wesley,5.3,49887802,male
Robin Hood,2010,Alan-a-Dale,6.6,105219735,None
Robin Hood,2010,Friar Tuck,6.6,105219735,male
Robin Hood,2010,King Richard,6.6,105219735,male
Robin Hood,2010,Lady Kluck,6.6,105219735,male
Robin Hood,2010,Little John,6.6,105219735,male
Robin Hood,2010,Maid Marian,6.6,105219735,male
Robin Hood,2010,Mother Rabbit,6.6,105219735,male
Robin Hood,2010,Nutsy the Vulture,6.6,105219735,male
Robin Hood,2010,Otto,6.6,105219735,male
Robin Hood,2010,Prince John,6.6,105219735,male
Robin Hood,2010,Robin Hood,6.6,105219735,male
Robin Hood,2010,Sheriff of Nottingham,6.6,105219735,male
Robin Hood,2010,Sir Hiss,6.6,105219735,male
Robin Hood,2010,Sis Bunny,6.6,105219735,female
Robin Hood,2010,Skippy Bunny,6.6,105219735,male
Robin Hood,2010,Tagalong Bunny,6.6,105219735,female
Robin Hood,2010,Toby Turtle,6.6,105219735,male
Robin Hood,2010,Trigger the Vulture,6.6,105219735,male
Hercules,1997,Alcmene,7.3,,None
Hercules,1997,Amphitryon,7.3,,male
Hercules,1997,Apollo,7.3,,male
Hercules,1997,Atropos,7.3,,male
Hercules,1997,Calliope,7.3,,female
Hercules,1997,Clio,7.3,,female
Hercules,1997,Clotho,7.3,,None
Hercules,1997,Demetrius,7.3,,male
Hercules,1997,Hades,7.3,,male
Hercules,1997,Hera,7.3,,female
Hercules,1997,Hercules,7.3,,male
Hercules,1997,Hermes,7.3,,male
Hercules,1997,Lachesis,7.3,,female
Hercules,1997,Megara,7.3,,female
Hercules,1997,Melpomene,7.3,,female
Hercules,1997,Nessus,7.3,,male
Hercules,1997,Pain and Panic,7.3,,male
Hercules,1997,Pegasus,7.3,,male
Hercules,1997,Philoctetes,7.3,,None
Hercules,1997,Terpsichore,7.3,,female
Hercules,1997,Thalia,7.3,,female
Hercules,1997,Zeus,7.3,,male
Alice in Wonderland,2010,Alice,6.4,319323000,female
Alice in Wonderland,2010,Alice's Sister,6.4,319323000,female
Alice in Wonderland,2010,Bill the Lizard,6.4,319323000,male
Alice in Wonderland,2010,The Carpenter,6.4,319323000,male
Alice in Wonderland,2010,The Caterpillar,6.4,319323000,male
Alice in Wonderland,2010,Cheshire Cat,6.4,319323000,female
Alice in Wonderland,2010,Dinah the Cat,6.4,319323000,female
Alice in Wonderland,2010,The Dodo,6.4,319323000,male
Alice in Wonderland,2010,The Doorknob,6.4,319323000,male
Alice in Wonderland,2010,The Dormouse,6.4,319323000,female
Alice in Wonderland,2010,The King of Hearts,6.4,319323000,male
Alice in Wonderland,2010,Mad Hatter,6.4,319323000,male
Alice in Wonderland,2010,March Hare,6.4,319323000,male
Alice in Wonderland,2010,The Queen of Hearts,6.4,319323000,male
Alice in Wonderland,2010,The Rose,6.4,319323000,female
Alice in Wonderland,2010,Tweedledum and Tweedledee,6.4,319323000,male
Alice in Wonderland,2010,The Walrus,6.4,319323000,male
Alice in Wonderland,2010,White Rabbit,6.4,319323000,male
Make Mine Music,1946,Alice Bluebonnet,6.3,,male
The Fox and the Hound,1981,Amos Slade,7.3,,male
The Fox and the Hound,1981,Big Mama,7.3,,male
The Fox and the Hound,1981,Boomer,7.3,,male
The Fox and the Hound,1981,Chief,7.3,,male
The Fox and the Hound,1981,Copper,7.3,,male
The Fox and the Hound,1981,Dinky,7.3,,male
The Fox and the Hound,1981,Squeaks the Caterpillar,7.3,,male
The Fox and the Hound,1981,Tod,7.3,,male
The Fox and the Hound,1981,Vixey,7.3,,female
The Fox and the Hound,1981,Widow Tweed,7.3,,male
Cinderella,2015,Anastasia Tremaine,6.9,183327144,female
Cinderella,2015,Bruno the Dog,6.9,183327144,male
Cinderella,2015,Cinderella,6.9,183327144,female
Cinderella,2015,The Doorman,6.9,183327144,male
Cinderella,2015,Drizella Tremaine,6.9,183327144,female
Cinderella,2015,Fairy Godmother,6.9,183327144,female
Cinderella,2015,Footman,6.9,183327144,male
Cinderella,2015,The Grand Duke,6.9,183327144,male
Cinderella,2015,Gus Lollygagger,6.9,183327144,male
Cinderella,2015,"Jackson ""Jaq"" Hopscotch",6.9,183327144,male
Cinderella,2015,The King,6.9,183327144,male
Cinderella,2015,Lady Tremaine,6.9,183327144,female
Cinderella,2015,Lucifer the Cat,6.9,183327144,male
Cinderella,2015,Major the Horse,6.9,183327144,male
Cinderella,2015,Prince Charming,6.9,183327144,male
Brother Bear 2,2006,Anda,6.2,,female
Brother Bear 2,2006,Atka,6.2,,female
Brother Bear 2,2006,Aunt Siqiniq,6.2,,male
Brother Bear 2,2006,Aunt Taqqiq,6.2,,male
Brother Bear 2,2006,Hoonah,6.2,,None
Brother Bear 2,2006,Innoko,6.2,,female
Brother Bear 2,2006,Kata,6.2,,female
Brother Bear 2,2006,Nita,6.2,,female
Lilo & Stitch,2002,Angel (Experiment 624),7.2,145771527,male
Beauty and the Beast: The Enchanted Christmas,1997,Angelique,6.1,,female
Beauty and the Beast: The Enchanted Christmas,1997,Axe,6.1,,male
Beauty and the Beast: The Enchanted Christmas,1997,The Enchantress,6.1,,female
Beauty and the Beast: The Enchanted Christmas,1997,Fife the Piccolo,6.1,,male
Beauty and the Beast: The Enchanted Christmas,1997,Forte the Pipe Organ,6.1,,male
The Adventures of Ichabod and Mr. Toad,1949,Angus MacBadger,7,,male
The Adventures of Ichabod and Mr. Toad,1949,Cyril Proudbottom,7,,male
The Adventures of Ichabod and Mr. Toad,1949,Headless Horseman,7,,male
The Adventures of Ichabod and Mr. Toad,1949,Ichabod Crane,7,,male
The Adventures of Ichabod and Mr. Toad,1949,J. Thaddeus Toad,7,,male
The Adventures of Ichabod and Mr. Toad,1949,Katrina Van Tassel,7,,female
The Adventures of Ichabod and Mr. Toad,1949,Moley,7,,male
The Adventures of Ichabod and Mr. Toad,1949,Ratty,7,,male
The Adventures of Ichabod and Mr. Toad,1949,Winkie the Barman,7,,male
101 Dalmatians,1996,Anita Radcliffe,5.7,,female
101 Dalmatians,1996,The Colonel,5.7,,male
101 Dalmatians,1996,Cruella de Vil [a.k.a. De Vil],5.7,,male
101 Dalmatians,1996,Horace & Jasper,5.7,,male
101 Dalmatians,1996,Perdita,5.7,,female
101 Dalmatians,1996,Pongo,5.7,,male
101 Dalmatians,1996,Roger Radcliffe,5.7,,male
101 Dalmatians,1996,Sgt. Tibbs,5.7,,male
Frozen,2013,Anna,7.5,400736600,female
Frozen,2013,Duke of Weselton,7.5,400736600,male
Frozen,2013,Elsa,7.5,400736600,female
Frozen,2013,Kristoff,7.5,400736600,male
Frozen,2013,Oaken,7.5,400736600,male
Frozen,2013,Olaf,7.5,400736600,male
Frozen,2013,Prince Hans,7.5,400736600,male
Frozen,2013,Sven,7.5,400736600,male
House of Mouse,2001,April,7.6,,female
House of Mouse,2001,June,7.6,,female
House of Mouse,2001,May,7.6,,female
House of Mouse,2001,Mike the Microphone,7.6,,male
The Three Caballeros,1944,Aracuan Bird,6.5,,male
The Three Caballeros,1944,Panchito Pistoles,6.5,,male
Tarzan,1999,Archimedes Q. Porter,7.3,,male
Tarzan,1999,Clayton,7.3,,male
Tarzan,1999,Jane Porter,7.3,,female
Tarzan,1999,Kala,7.3,,female
Tarzan,1999,Kerchak,7.3,,male
Tarzan,1999,Mungo,7.3,,male
Tarzan,1999,Tantor,7.3,,male
Tarzan,1999,Tantor's Mother,7.3,,female
Tarzan,1999,Tarzan,7.3,,male
Tarzan,1999,Terk,7.3,,female
The Sword in the Stone,1963,Archimedes,7.2,,male
The Sword in the Stone,1963,Arthur/Wart,7.2,,None
The Sword in the Stone,1963,Black Bart,7.2,,male
The Sword in the Stone,1963,Madam Mim,7.2,,female
The Sword in the Stone,1963,Merlin,7.2,,male
The Sword in the Stone,1963,Sir Ector,7.2,,male
The Sword in the Stone,1963,Sir Kay,7.2,,male
The Sword in the Stone,1963,Sir Pellinore,7.2,,male
Beauty and the Beast,1991,Armoire,8,47611331,female
Beauty and the Beast,1991,Babette,8,47611331,female
Beauty and the Beast,1991,Baker,8,47611331,male
Beauty and the Beast,1991,Beast,8,47611331,male
Beauty and the Beast,1991,Belle,8,47611331,female
Beauty and the Beast,1991,Bimbette,8,47611331,female
Beauty and the Beast,1991,Bookseller,8,47611331,None
Beauty and the Beast,1991,Chef Bouche,8,47611331,male
Beauty and the Beast,1991,Chip Potts,8,47611331,male
Beauty and the Beast,1991,Cogsworth,8,47611331,None
Beauty and the Beast,1991,Fifi the Featherduster,8,47611331,male
Beauty and the Beast,1991,Gaston,8,47611331,male
Beauty and the Beast,1991,Le Fou,8,47611331,male
Beauty and the Beast,1991,Lumière,8,47611331,None
Beauty and the Beast,1991,Maurice,8,47611331,male
Beauty and the Beast,1991,Monsieur D'Arque,8,47611331,male
Beauty and the Beast,1991,Mrs. Potts,8,47611331,male
Beauty and the Beast,1991,Philippe the Horse,8,47611331,male
Beauty and the Beast,1991,Sultan the Footstool,8,47611331,male
Jungle Cubs,1996,Arthur,6.3,,male
Jungle Cubs,1996,Cecil the Vulture,6.3,,male
Jungle Cubs,1996,Mahra the Baboon,6.3,,male
Jungle Cubs,1996,Ned the Baboon,6.3,,male
Zootopia,2016,Assistant Mayor Dawn Bellwether,8,341264012,male
Zootopia,2016,Benjamin Clawhauser,8,341264012,male
Zootopia,2016,Bonnie Hopps,8,341264012,male
Zootopia,2016,Bucky Oryx-Antlerson,8,341264012,male
Zootopia,2016,Chief Bogo,8,341264012,male
Zootopia,2016,Doug Ramses,8,341264012,male
Zootopia,2016,Duke Weaselton,8,341264012,male
Zootopia,2016,Emmitt Otterton,8,341264012,male
Zootopia,2016,Finnick,8,341264012,female
Zootopia,2016,Flash,8,341264012,male
Zootopia,2016,Gazelle,8,341264012,female
Zootopia,2016,Jerry Jumbeaux Jr.,8,341264012,male
Zootopia,2016,Jesse the Ram,8,341264012,male
Zootopia,2016,Judy Hopps,8,341264012,male
Zootopia,2016,Mayor Lionheart,8,341264012,male
Zootopia,2016,Mr. Big,8,341264012,male
Zootopia,2016,Mrs. Otterton,8,341264012,None
Zootopia,2016,"Nicholas ""Nick"" P. Wilde",8,341264012,male
Zootopia,2016,Pronk Oryx-Antlerson,8,341264012,male
Zootopia,2016,Stu Hopps,8,341264012,male
Zootopia,2016,Woolter the Ram,8,341264012,male
Zootopia,2016,Yax,8,341264012,male
Atlantis: The Lost Empire,2001,Audrey Ramirez,6.9,83561615,female
Atlantis: The Lost Empire,2001,Commander Lyle Rourke,6.9,83561615,male
Atlantis: The Lost Empire,2001,Cookie,6.9,83561615,female
Atlantis: The Lost Empire,2001,Dr. Joshua Sweet,6.9,83561615,male
Atlantis: The Lost Empire,2001,Fenton Q. Harcourt,6.9,83561615,male
Atlantis: The Lost Empire,2001,"Gaetan ""Mole"" Moliére",6.9,83561615,male
Atlantis: The Lost Empire,2001,Helga Sinclair,6.9,83561615,female
Atlantis: The Lost Empire,2001,King Kashekim Nedakh,6.9,83561615,male
Atlantis: The Lost Empire,2001,Milo Thatch,6.9,83561615,male
Atlantis: The Lost Empire,2001,Preston B. Whitmore,6.9,83561615,male
Atlantis: The Lost Empire,2001,Princess Kidagakash,6.9,83561615,female
Atlantis: The Lost Empire,2001,"Vincenzo ""Vinny"" Santorini",6.9,83561615,male
Atlantis: The Lost Empire,2001,Wilhelmina Packard,6.9,83561615,female
Sleeping Beauty,1959,Aurora,7.2,,female
Sleeping Beauty,1959,Diablo the Raven,7.2,,male
Sleeping Beauty,1959,Fauna,7.2,,female
Sleeping Beauty,1959,Flora,7.2,,female
Sleeping Beauty,1959,King Hubert,7.2,,male
Sleeping Beauty,1959,King Stefan,7.2,,male
Sleeping Beauty,1959,Maleficent,7.2,,female
Sleeping Beauty,1959,Merryweather,7.2,,None
Sleeping Beauty,1959,Prince Phillip,7.2,,male
Sleeping Beauty,1959,Queen Leah,7.2,,female
Sleeping Beauty,1959,Samson the Horse,7.2,,male
Mickey Mouse Clubhouse,2006,Baby Red Bird,5.7,,male
Mickey Mouse Clubhouse,2006,Bella,5.7,,female
Mickey Mouse Clubhouse,2006,Mr. Pettibone,5.7,,None
DuckTales,1987,Babyface Beagle,8.1,,male
DuckTales,1987,Backwoods Beagle,8.1,,male
DuckTales,1987,Bacon Beagle,8.1,,male
DuckTales,1987,Baggy Beagle,8.1,,male
DuckTales,1987,Bankjob Beagle,8.1,,male
DuckTales,1987,Bentina Beakley,8.1,,female
DuckTales,1987,Bigtime Beagle,8.1,,male
DuckTales,1987,Binky Beagle,8.1,,male
DuckTales,1987,Bomber Beagle,8.1,,male
DuckTales,1987,Bouncer Beagle,8.1,,male
DuckTales,1987,Bugle Beagle,8.1,,male
DuckTales,1987,Burger Beagle,8.1,,male
DuckTales,1987,Dijon the Thief,8.1,,male
DuckTales,1987,Doofus Drake,8.1,,male
DuckTales,1987,Duckworth,8.1,,male
DuckTales,1987,El Capitan,8.1,,male
DuckTales,1987,Fenton Crackshell (Gizmoduck),8.1,,male
DuckTales,1987,Flintheart Glomgold,8.1,,None
DuckTales,1987,Gladstone Gander,8.1,,male
DuckTales,1987,Glittering Goldie,8.1,,female
DuckTales,1987,Gyro Gearloose,8.1,,male
DuckTales,1987,Launchpad McQuack,8.1,,None
DuckTales,1987,Ma Beagle,8.1,,male
DuckTales,1987,Magica De Spell,8.1,,male
DuckTales,1987,Megabyte Beagle,8.1,,male
DuckTales,1987,Merlock the Magician,8.1,,male
DuckTales,1987,Mrs. Featherby,8.1,,None
DuckTales,1987,The Phantom Blot,8.1,,male
DuckTales,1987,Poe De Spell,8.1,,male
DuckTales,1987,Scrooge McDuck,8.1,,male
DuckTales,1987,Webby Vanderquack,8.1,,male
Sofia the First,2013,Baileywick,7,,None
Sofia the First,2013,Cedric the Sorcerer,7,,male
Sofia the First,2013,Clover,7,,female
Sofia the First,2013,King Roland II,7,,male
Sofia the First,2013,Miss Nettle,7,,female
Sofia the First,2013,Prince James,7,,male
Sofia the First,2013,Princess Amber,7,,female
Sofia the First,2013,Queen Miranda,7,,female
Sofia the First,2013,Princess Sofia,7,,female
Sofia the First,2013,Wormwood the Raven,7,,male
Fantasia 2000,1999,Ballerina,7.2,,female
Fantasia 2000,1999,Duke,7.2,,male
Fantasia 2000,1999,The Firebird,7.2,,male
Fantasia 2000,1999,Jack-in-the-Box,7.2,,male
Fantasia 2000,1999,Jobless Joe,7.2,,male
Fantasia 2000,1999,Rachel,7.2,,female
Fantasia 2000,1999,Spring Sprite,7.2,,male
Fantasia 2000,1999,Yo-Yo,7.2,,male
Bambi,1942,Bambi,7.3,,female
Bambi,1942,Bambi's Mother,7.3,,female
Bambi,1942,Faline,7.3,,female
Bambi,1942,Flower,7.3,,female
Bambi,1942,Friend Owl,7.3,,male
Bambi,1942,Great Prince of the Forest,7.3,,male
Bambi,1942,Man the Hunter,7.3,,male
Bambi,1942,Mrs. Possum,7.3,,male
Bambi,1942,Mrs. Quail,7.3,,female
Bambi,1942,Thumper,7.3,,male
Bambi,1942,Thumper's Mother,7.3,,female
The Lion King,1994,Banzai,8.5,94240635,male
The Lion King,1994,Ed,8.5,94240635,male
The Lion King,1994,Mufasa,8.5,94240635,male
The Lion King,1994,Nala,8.5,94240635,female
The Lion King,1994,Pumbaa,8.5,94240635,male
The Lion King,1994,Rafiki,8.5,94240635,male
The Lion King,1994,Sarabi,8.5,94240635,female
The Lion King,1994,Sarafina,8.5,94240635,female
The Lion King,1994,Scar,8.5,94240635,male
The Lion King,1994,Shenzi,8.5,94240635,female
The Lion King,1994,Simba,8.5,94240635,male
The Lion King,1994,Timon,8.5,94240635,male
The Lion King,1994,Zazu,8.5,94240635,female
The Great Mouse Detective,1986,Bartholomew,7.2,,male
The Great Mouse Detective,1986,Basil of Baker Street,7.2,,male
The Great Mouse Detective,1986,Dr. David Q. Dawson,7.2,,male
The Great Mouse Detective,1986,Felicia the Cat,7.2,,female
The Great Mouse Detective,1986,Fidget,7.2,,male
The Great Mouse Detective,1986,Hiram Flaversham,7.2,,male
The Great Mouse Detective,1986,Lady Mouse,7.2,,female
The Great Mouse Detective,1986,Miss Kitty,7.2,,female
The Great Mouse Detective,1986,Mrs. Judson,7.2,,male
The Great Mouse Detective,1986,Olivia Flaversham,7.2,,female
The Great Mouse Detective,1986,Professor Ratigan,7.2,,male
The Great Mouse Detective,1986,Queen Mousetoria,7.2,,female
The Great Mouse Detective,1986,Toby the Dog,7.2,,male
Snow White and the Seven Dwarfs,1937,Bashful,7.6,,female
Snow White and the Seven Dwarfs,1937,Doc,7.6,,male
Snow White and the Seven Dwarfs,1937,Dopey,7.6,,male
Snow White and the Seven Dwarfs,1937,Grumpy,7.6,,male
Snow White and the Seven Dwarfs,1937,Happy,7.6,,male
Snow White and the Seven Dwarfs,1937,Humbert the Huntsman,7.6,,male
Snow White and the Seven Dwarfs,1937,The Magic Mirror,7.6,,male
Snow White and the Seven Dwarfs,1937,Prince,7.6,,male
Snow White and the Seven Dwarfs,1937,Queen Grimhilde,7.6,,female
Snow White and the Seven Dwarfs,1937,Sleepy,7.6,,male
Snow White and the Seven Dwarfs,1937,Sneezy,7.6,,male
Snow White and the Seven Dwarfs,1937,Snow White,7.6,,male
Big Hero 6,2014,Baymax,7.8,,male
Big Hero 6,2014,Cass Hamada,7.8,,male
Big Hero 6,2014,Fred,7.8,,male
Big Hero 6,2014,Go Go Tomago,7.8,,male
Big Hero 6,2014,Hiro Hamada,7.8,,male
Big Hero 6,2014,Honey Lemon (Disney),7.8,,female
Big Hero 6,2014,Mochi,7.8,,male
Big Hero 6,2014,Mr. Yama,7.8,,male
Big Hero 6,2014,Tadashi Hamada,7.8,,male
Big Hero 6,2014,Wasabi,7.8,,male
Bedknobs and Broomsticks,1971,Bear,7.1,,male
Bedknobs and Broomsticks,1971,Codfish,7.1,,male
Bedknobs and Broomsticks,1971,King Leonidas,7.1,,male
Bedknobs and Broomsticks,1971,Secretary Bird,7.1,,male
The Country Bears,2002,Beary Barrington,4.1,16892873,male
The Country Bears,2002,Big Al,4.1,16892873,male
The Country Bears,2002,Dex Barrington,4.1,16892873,male
The Country Bears,2002,Ted Betterhead,4.1,16892873,male
Pocahontas,1995,Ben,6.7,,male
Pocahontas,1995,Captain John Smith,6.7,,male
Pocahontas,1995,Chief Powhatan,6.7,,male
Pocahontas,1995,Flit,6.7,,male
Pocahontas,1995,Governor John Ratcliffe,6.7,,male
Pocahontas,1995,Grandmother Willow,6.7,,female
Pocahontas,1995,John Smith,6.7,,male
Pocahontas,1995,Kekata the Medicine man,6.7,,male
Pocahontas,1995,Kocoum,6.7,,None
Pocahontas,1995,Meeko,6.7,,female
Pocahontas,1995,Nakoma,6.7,,male
Pocahontas,1995,Percy,6.7,,male
Pocahontas,1995,Pocahontas,6.7,,female
Pocahontas,1995,Thomas,6.7,,male
Pocahontas,1995,Wiggins,6.7,,male
Fantasia,1940,Ben Ali Gator,7.8,,male
Fantasia,1940,Chernabog,7.8,,male
Fantasia,1940,Hyacinth Hippo,7.8,,male
Fantasia,1940,Madame Upanova,7.8,,female
Fantasia,1940,Melinda,7.8,,female
Fantasia,1940,Yen Sid,7.8,,male
The Legend of Coyote Rock,1945,Bent-Tail the Coyote,6.6,,male
Sheep Dog,1949,Bent-Tail Junior,6.2,,male
An Extremely Goofy Movie,2000,Beret Girl,6.3,,female
An Extremely Goofy Movie,2000,Bradley Uppercrust III,6.3,,male
An Extremely Goofy Movie,2000,Sylvia Marpole,6.3,,female
An Extremely Goofy Movie,2000,Tank,6.3,,male
The Rescuers,1977,Bernard,6.9,,male
The Rescuers,1977,Brutus and Nero,6.9,,male
The Rescuers,1977,Chair Mouse,6.9,,male
The Rescuers,1977,Digger the Mole,6.9,,male
The Rescuers,1977,Ellie Mae,6.9,,female
The Rescuers,1977,Evinrude,6.9,,male
The Rescuers,1977,Gramps,6.9,,male
The Rescuers,1977,Luke,6.9,,male
The Rescuers,1977,Madame Medusa,6.9,,female
The Rescuers,1977,Miss Bianca,6.9,,female
The Rescuers,1977,Mr. Snoops,6.9,,male
The Rescuers,1977,Orville,6.9,,male
The Rescuers,1977,Penny,6.9,,female
The Rescuers,1977,Rufus,6.9,,male
The Lion Guard,2016,Beshte,6.5,,female
The Lion Guard,2016,Bunga,6.5,,female
The Lion Guard,2016,Fuli,6.5,,male
The Lion Guard,2016,Kion,6.5,,male
The Lion Guard,2016,Ono,6.5,,male
Three Little Pigs,1933,Big Bad Wolf,7.5,,male
Three Little Pigs,1933,Fiddler Pig,7.5,,male
Three Little Pigs,1933,Fifer Pig,7.5,,male
Three Little Pigs,1933,Practical Pig,7.5,,male
Treasure Planet,2002,Billy Bones,7.2,38120554,male
Treasure Planet,2002,Captain Amelia,7.2,38120554,female
Treasure Planet,2002,Dr. Delbert Doppler,7.2,38120554,male
Treasure Planet,2002,Hands,7.2,38120554,male
Treasure Planet,2002,Jim Hawkins,7.2,38120554,male
Treasure Planet,2002,John Silver,7.2,38120554,male
Treasure Planet,2002,Morph,7.2,38120554,male
Treasure Planet,2002,Mr. Arrow,7.2,38120554,male
Treasure Planet,2002,Onus,7.2,38120554,male
Treasure Planet,2002,Sarah Hawkins,7.2,38120554,female
Treasure Planet,2002,Scroop,7.2,38120554,None
Darkwing Duck,1991,Binkie Muddlefoot,7.6,,male
Darkwing Duck,1991,Derek Blunt,7.6,,male
Darkwing Duck,1991,Dr. Reginald Bushroot,7.6,,male
Darkwing Duck,1991,Drake Mallard (Darkwing Duck),7.6,,male
Darkwing Duck,1991,Gosalyn Mallard,7.6,,female
Darkwing Duck,1991,Herb Muddlefoot,7.6,,male
Darkwing Duck,1991,Honker Muddlefoot,7.6,,male
Darkwing Duck,1991,J. Gander Hooter,7.6,,male
Darkwing Duck,1991,The Liquidator,7.6,,male
Darkwing Duck,1991,Megavolt,7.6,,male
Darkwing Duck,1991,Morgana McCawber,7.6,,female
Darkwing Duck,1991,NegaDuck,7.6,,None
Darkwing Duck,1991,Quackerjack,7.6,,None
Darkwing Duck,1991,Rhoda Dendron,7.6,,female
Darkwing Duck,1991,Steelbeak,7.6,,None
Darkwing Duck,1991,Tank Muddlefoot,7.6,,male
Darkwing Duck,1991,Taurus Bulba,7.6,,male
Darkwing Duck,1991,Tuskernini,7.6,,None
Darkwing Duck,1991,Vladimir Goudenov Grizzlikof,7.6,,male
Tinker Bell and the Lost Treasure,2009,Blaze,6.7,,male
Pinocchio,1940,Blue Fairy,7.4,,female
Pinocchio,1940,Cleo,7.4,,female
Pinocchio,1940,The Coachman,7.4,,male
Pinocchio,1940,Figaro the Cat,7.4,,male
Pinocchio,1940,Geppetto,7.4,,male
Pinocchio,1940,Gideon,7.4,,male
Pinocchio,1940,J. Worthington Foulfellow,7.4,,male
Pinocchio,1940,Jiminy Cricket,7.4,,male
Pinocchio,1940,Lampwick,7.4,,None
Pinocchio,1940,Monstro,7.4,,male
Pinocchio,1940,Pinocchio,7.4,,male
Pinocchio,1940,Stromboli,7.4,,male
Bonkers,1993,Bonkers D. Bobcat,6.9,,male
Bonkers,1993,Fall-Apart Rabbit,6.9,,male
Bonkers,1993,Miranda Wright,6.9,,female
Bonkers,1993,Toots,6.9,,female
Wild About Safety: Timon and Pumbaa Safety Smart at Home!,2008,Boss Beaver,7.3,,male
Wild About Safety: Timon and Pumbaa Safety Smart at Home!,2008,Cheetata and Cheetato,7.3,,male
Wild About Safety: Timon and Pumbaa Safety Smart at Home!,2008,Fred,7.3,,male
Wild About Safety: Timon and Pumbaa Safety Smart at Home!,2008,Quint,7.3,,male
Wild About Safety: Timon and Pumbaa Safety Smart at Home!,2008,Smolder the Bear,7.3,,male
Wild About Safety: Timon and Pumbaa Safety Smart at Home!,2008,Speedy the Snail,7.3,,male
Wild About Safety: Timon and Pumbaa Safety Smart at Home!,2008,Vulture Police,7.3,,male
Meet the Robinsons,2007,Bowler Hat Guy,6.8,97690955,male
Meet the Robinsons,2007,Carl the Robot,6.8,97690955,male
Meet the Robinsons,2007,Cornelius Robinson,6.8,97690955,male
Meet the Robinsons,2007,Doris,6.8,97690955,female
Meet the Robinsons,2007,Frankie the Frog,6.8,97690955,male
Meet the Robinsons,2007,Franny Robinson,6.8,97690955,male
Meet the Robinsons,2007,Goob,6.8,97690955,male
Meet the Robinsons,2007,Lefty,6.8,97690955,male
Meet the Robinsons,2007,Lewis,6.8,97690955,male
Meet the Robinsons,2007,Lizzy,6.8,97690955,female
Meet the Robinsons,2007,Lucille Krunklehorn,6.8,97690955,female
Meet the Robinsons,2007,Mildred,6.8,97690955,female
Meet the Robinsons,2007,Mr. Willerstein,6.8,97690955,None
Meet the Robinsons,2007,Tiny,6.8,97690955,female
Meet the Robinsons,2007,Uncle Art,6.8,97690955,male
Meet the Robinsons,2007,Wilbur Robinson,6.8,97690955,male
Song of the South,1946,Br'er Bear,7.1,,male
Song of the South,1946,Br'er Fox,7.1,,male
Song of the South,1946,Br'er Rabbit,7.1,,male
Silly Symphonies Souvenirs,2001,Bucky Bug,7.4,,male
Silly Symphonies Souvenirs,2001,Elmer Elephant,7.4,,male
Silly Symphonies Souvenirs,2001,Ferdinand the Bull,7.4,,male
Silly Symphonies Souvenirs,2001,Jenny Wren,7.4,,female
Silly Symphonies Souvenirs,2001,Joe Giraffe,7.4,,male
Silly Symphonies Souvenirs,2001,Joey Hippo,7.4,,male
Silly Symphonies Souvenirs,2001,Tillie Tiger,7.4,,male
The Emperor's New Groove,2000,Bucky the Squirrel,7.3,87320505,male
The Emperor's New Groove,2000,Chaca,7.3,87320505,male
The Emperor's New Groove,2000,Chicha,7.3,87320505,female
The Emperor's New Groove,2000,Kronk Pepikrankenitz,7.3,87320505,male
The Emperor's New Groove,2000,Kuzco,7.3,87320505,male
The Emperor's New Groove,2000,Pacha,7.3,87320505,male
The Emperor's New Groove,2000,Tipo,7.3,87320505,male
The Emperor's New Groove,2000,Yzma,7.3,87320505,female
The Princess and the Frog,2009,Buford the Cook,7.1,104374107,male
The Princess and the Frog,2009,Charlotte La Bouff,7.1,104374107,female
The Princess and the Frog,2009,Cousin Randy,7.1,104374107,male
The Princess and the Frog,2009,Dr. Facilier,7.1,104374107,None
The Princess and the Frog,2009,"Eli ""Big Daddy"" La Bouff",7.1,104374107,female
The Princess and the Frog,2009,Eudora,7.1,104374107,female
The Princess and the Frog,2009,Evangeline,7.1,104374107,female
The Princess and the Frog,2009,Harvey Fenner,7.1,104374107,male
The Princess and the Frog,2009,Henry Fenner,7.1,104374107,male
The Princess and the Frog,2009,Ian the Alligator,7.1,104374107,male
The Princess and the Frog,2009,Lawrence the Valet,7.1,104374107,male
The Princess and the Frog,2009,Louis the Alligator,7.1,104374107,male
The Princess and the Frog,2009,Mama Odie,7.1,104374107,female
The Princess and the Frog,2009,Marlon the Alligator,7.1,104374107,male
The Princess and the Frog,2009,Prince Naveen,7.1,104374107,male
The Princess and the Frog,2009,Ray the Firefly,7.1,104374107,male
The Princess and the Frog,2009,Tiana,7.1,104374107,female
The Princess and the Frog,2009,Travis,7.1,104374107,male
The Princess and the Frog,2009,Two Fingers,7.1,104374107,male
Bone Trouble,1940,Butch the Bulldog,7.2,,male
Ralph Breaks the Internet,2018,Butcher Boy,7.1,,male
Ralph Breaks the Internet,2018,Double Dan,7.1,,male
Ralph Breaks the Internet,2018,Felony,7.1,,male
Ralph Breaks the Internet,2018,J.P. Spamley,7.1,,None
Ralph Breaks the Internet,2018,KnowsMore,7.1,,None
Ralph Breaks the Internet,2018,Little Debbie,7.1,,female
Ralph Breaks the Internet,2018,Pyro,7.1,,male
Ralph Breaks the Internet,2018,Shank,7.1,,male
Ralph Breaks the Internet,2018,Yesss,7.1,,male
101 Dalmatians: The Series,1997,Cadpig,6.1,,None
101 Dalmatians: The Series,1997,Spot,6.1,,male
Phineas and Ferb,2007,Candace Flynn,7.9,,female
Phineas and Ferb,2007,Dr. Heinz Doofenshmirtz,7.9,,male
Phineas and Ferb,2007,Ferb Fletcher,7.9,,male
Phineas and Ferb,2007,Perry the Platypus,7.9,,male
Phineas and Ferb,2007,Phineas Flynn,7.9,,male
One Hundred and One Dalmatians,1961,The Captain,7.2,,male
One Hundred and One Dalmatians,1961,Duchess,7.2,,female
One Hundred and One Dalmatians,1961,Lucky,7.2,,male
One Hundred and One Dalmatians,1961,Nanny,7.2,,female
One Hundred and One Dalmatians,1961,Patch,7.2,,male
One Hundred and One Dalmatians,1961,Penny,7.2,,female
One Hundred and One Dalmatians,1961,Princess,7.2,,female
One Hundred and One Dalmatians,1961,Rolly,7.2,,male
Peter Pan,1953,Captain Hook,7.3,,male
Peter Pan,1953,The Crocodile (Tick Tock),7.3,,male
Peter Pan,1953,Cubby,7.3,,male
Peter Pan,1953,George Darling,7.3,,male
Peter Pan,1953,The Indian Chief,7.3,,male
Peter Pan,1953,John Darling,7.3,,male
Peter Pan,1953,Mary Darling,7.3,,female
Peter Pan,1953,Michael Darling,7.3,,male
Peter Pan,1953,Mr. Smee,7.3,,male
Peter Pan,1953,Nana,7.3,,female
Peter Pan,1953,Nibs,7.3,,male
Peter Pan,1953,Peter Pan,7.3,,male
Peter Pan,1953,Slightly,7.3,,male
Peter Pan,1953,Tiger Lily,7.3,,female
Peter Pan,1953,Tinker Bell,7.3,,female
Peter Pan,1953,Tootles,7.3,,female
Peter Pan,1953,Wendy Darling,7.3,,female
Dumbo,1941,Casey Junior,7.2,,male
Dumbo,1941,Catty the Elephant,7.2,,male
Dumbo,1941,Circus Animals,7.2,,male
Dumbo,1941,Dumbo,7.2,,male
Dumbo,1941,Giddy the Elephant,7.2,,male
Dumbo,1941,Jim Crow,7.2,,male
Dumbo,1941,Matriarch Elephant,7.2,,male
Dumbo,1941,Mr. Stork,7.2,,male
Dumbo,1941,Mrs. Jumbo,7.2,,male
Dumbo,1941,Prissy the Elephant,7.2,,male
Dumbo,1941,The Ringmaster,7.2,,male
Dumbo,1941,Timothy Q. Mouse,7.2,,male
The Fox and the Hound 2,2006,Cash,5.3,,male
The Fox and the Hound 2,2006,Dixie,5.3,,female
The Fox and the Hound 2,2006,Granny Rose,5.3,,female
The Fox and the Hound 2,2006,Lyle,5.3,,male
Aladdin and the King of Thieves,1996,Cassim,6.4,,male
Aladdin and the King of Thieves,1996,Sa'luk,6.4,,None
Belle's Magical World,1998,Chandeleria,5.4,,None
Belle's Magical World,1998,Crane,5.4,,male
Belle's Magical World,1998,LePlume,5.4,,None
Belle's Magical World,1998,Webster,5.4,,male
Belle's Magical World,1998,Witherspoon,5.4,,female
Goof Troop,1992,Chainsaw,6.8,,male
Goof Troop,1992,Max Goof,6.8,,male
Goof Troop,1992,Peg Pete,6.8,,male
Goof Troop,1992,Pete Junior,6.8,,male
Goof Troop,1992,Pistol Pete,6.8,,male
Goof Troop,1992,Waffles,6.8,,male
Mulan,1998,Chi-Fu,7.6,,male
Mulan,1998,Chien-Po,7.6,,female
Mulan,1998,Cri-Kee,7.6,,female
Mulan,1998,Emperor of China,7.6,,male
Mulan,1998,Fa Li,7.6,,female
Mulan,1998,Fa Zhou,7.6,,male
Mulan,1998,First Ancestor Fa,7.6,,male
Mulan,1998,General Li,7.6,,male
Mulan,1998,Grandmother Fa,7.6,,female
Mulan,1998,Li Shang,7.6,,male
Mulan,1998,Ling,7.6,,female
Mulan,1998,The Matchmaker,7.6,,male
Mulan,1998,Mulan,7.6,,female
Mulan,1998,Mushu,7.6,,male
Mulan,1998,Shan Yu,7.6,,male
Mulan,1998,Yao,7.6,,male
Private Pluto,1943,Chip,6.8,,male
Private Pluto,1943,Dale,6.8,,male
Winnie the Pooh and the Honey Tree,1966,Christopher Robin,8,,male
Winnie the Pooh and the Honey Tree,1966,Eeyore,8,,female
Winnie the Pooh and the Honey Tree,1966,Gopher,8,,male
Winnie the Pooh and the Honey Tree,1966,Kanga,8,,male
Winnie the Pooh and the Honey Tree,1966,Owl,8,,male
Winnie the Pooh and the Honey Tree,1966,Bear,8,,male
Winnie the Pooh and the Honey Tree,1966,Roo,8,,female
Winnie the Pooh and the Honey Tree,1966,Winnie the Pooh,8,,female
Orphan's Benefit,1934,Clara Cluck,6.7,,male
Plane Crazy,1928,Clarabelle Cow,7.3,,female
Plane Crazy,1928,Minnie Mouse,7.3,,female
The Rescuers Down Under,1990,Cody,6.9,,male
The Rescuers Down Under,1990,Doctor Mouse,6.9,,male
The Rescuers Down Under,1990,Faloo,6.9,,male
The Rescuers Down Under,1990,Francois,6.9,,male
The Rescuers Down Under,1990,Frank,6.9,,male
The Rescuers Down Under,1990,Jake,6.9,,male
The Rescuers Down Under,1990,Krebbs,6.9,,male
The Rescuers Down Under,1990,Marahute,6.9,,female
The Rescuers Down Under,1990,Nurse Mouse,6.9,,female
The Rescuers Down Under,1990,Percival C. McLeach,6.9,,male
The Rescuers Down Under,1990,Red,6.9,,male
The Rescuers Down Under,1990,Wilbur,6.9,,male
The Black Cauldron,1985,Creeper,6.4,,male
The Black Cauldron,1985,Dallben,6.4,,None
The Black Cauldron,1985,Doli,6.4,,female
The Black Cauldron,1985,Fflewddur Fflam,6.4,,None
The Black Cauldron,1985,Gurgi,6.4,,female
The Black Cauldron,1985,Hen Wen,6.4,,male
The Black Cauldron,1985,The Horned King,6.4,,male
The Black Cauldron,1985,King Eiddileg,6.4,,male
The Black Cauldron,1985,Orddu,6.4,,None
The Black Cauldron,1985,Orgoch,6.4,,None
The Black Cauldron,1985,Orwen,6.4,,male
The Black Cauldron,1985,Princess Eilonwy,6.4,,female
The Black Cauldron,1985,Taran,6.4,,male
Mr. Duck Steps Out,1940,Daisy Duck,7.5,,female
Peter Pan 2: Return to Never Land,2002,Danny,5.8,48325822,male
Peter Pan 2: Return to Never Land,2002,Edward,5.8,48325822,male
Peter Pan 2: Return to Never Land,2002,Jane,5.8,48325822,female
Peter Pan 2: Return to Never Land,2002,The Octopus,5.8,48325822,male
My Friends Tigger & Pooh,2007,Darby,5.7,,male
The Incredibles,2004,Dash Parr,8,,male
The Incredibles,2004,Violet Parr,8,,female
Brother Bear,2003,Denahi,6.8,85095337,female
Brother Bear,2003,Kenai,6.8,85095337,male
Brother Bear,2003,Koda,6.8,85095337,male
Brother Bear,2003,Rutt and Tuke,6.8,85095337,male
Brother Bear,2003,Sitka,6.8,85095337,female
Brother Bear,2003,Tanana,6.8,85095337,female
Brother Bear,2003,Tug,6.8,85095337,male
Oliver,1983,DeSoto,7.6,,male
Oliver,1983,Dodger,7.6,,male
Oliver,1983,Einstein,7.6,,male
Oliver,1983,Fagin,7.6,,male
Oliver,1983,Francis,7.6,,male
Oliver,1983,Georgette,7.6,,female
Oliver,1983,"Jennifer ""Jenny"" Foxworth",7.6,,female
Oliver,1983,Louie the Hot Dog Man,7.6,,male
Oliver,1983,Oliver,7.6,,male
Oliver,1983,Rita,7.6,,female
Oliver,1983,Roscoe,7.6,,male
Oliver,1983,Sykes,7.6,,male
Oliver,1983,Tito,7.6,,male
Oliver,1983,Winston,7.6,,male
Donald's Nephews,1938,Dewey,7.2,,male
Donald's Nephews,1938,Huey,7.2,,female
Donald's Nephews,1938,Louie,7.2,,male
The Sleepwalker,2014,Dinah the Dachshund,4.9,2636,male
Gravity Falls,2012,Dipper Pines,8.9,,male
Gravity Falls,2012,Grunkle Stan,8.9,,male
Gravity Falls,2012,Mabel Pines,8.9,,female
TaleSpin,1990,Don Karnage,7.6,,male
TaleSpin,1990,Kit Cloudkicker,7.6,,male
TaleSpin,1990,Rebecca Cunningham,7.6,,female
The Wise Little Hen,1934,Donald Duck,7.2,,male
The Wise Little Hen,1934,Peter Pig,7.2,,male
Stitch! The Movie,2003,Dr. Jacques von Hämsterviel,6.2,,male
Stitch! The Movie,2003,Reuben (Experiment 625),6.2,,male
Stitch! The Movie,2003,Sparky (Experiment 221),6.2,,male
Kim Possible,2002,Drew Lipsky / Dr. Drakken,7.2,,male
Kim Possible,2002,Kim Possible,7.2,,male
Kim Possible,2002,Ron Stoppable,7.2,,male
Pete's Dragon,2016,Elliott,6.7,76228119,male
Tangled,2010,Eugene Fitzherbert,7.7,200803309,male
Tangled,2010,Hook Hand,7.7,200803309,male
Tangled,2010,Maximus,7.7,200803309,male
Tangled,2010,Mother Gothel,7.7,200803309,female
Tangled,2010,Pascal,7.7,200803309,male
Tangled,2010,Rapunzel,7.7,200803309,female
Tangled,2010,Stabbington brothers,7.7,200803309,male
Chip 'n' Dale Rescue Rangers,1988,Fat Cat,7.6,,female
Chip 'n' Dale Rescue Rangers,1988,Gadget Hackwrench,7.6,,male
Chip 'n' Dale Rescue Rangers,1988,Monterey Jack,7.6,,male
Chip 'n' Dale Rescue Rangers,1988,Professor Norton Nimnul,7.6,,male
Chip 'n' Dale Rescue Rangers,1988,Zipper,7.6,,male
Mickey's Steam Roller,1934,Ferdie Fieldmouse,6.8,,male
Mickey's Steam Roller,1934,Morty Fieldmouse,6.8,,male
Journey Into Imagination: With Figment,1999,Figment,6,,female
Higglytown Heroes,2004,Fran,5.3,,male
Enchanted,2007,Giselle,7,127706877,female
Enchanted,2007,Nancy Tremaine,7,127706877,female
Enchanted,2007,Nathaniel,7,127706877,male
Enchanted,2007,Pip,7,127706877,male
Enchanted,2007,Prince Edward,7,127706877,male
Enchanted,2007,Queen Narissa,7,127706877,female
Secret of the Wings,2012,Gliss,7.1,1871624,female
Secret of the Wings,2012,Periwinkle,7.1,1871624,female
Mickey's Revue,1932,Goofy,6.5,,male
Moana,2016,Gramma Tala,7.6,248752120,female
Moana,2016,Heihei the Rooster,7.6,248752120,male
Moana,2016,Maui,7.6,248752120,male
Moana,2016,Moana,7.6,248752120,female
Moana,2016,Pua,7.6,248752120,male
Moana,2016,Tamatoa,7.6,248752120,male
Moana,2016,Tui,7.6,248752120,male
Donald's Cousin Gus,1939,Gus Goose,7,,male
Hold That Pose,1950,Humphrey the Bear,7.1,,male
Grin and Bear It,1954,J. Audubon Woodlore,7.2,,None
The Nightmare Before Christmas,1993,Jack Skellington,8,8616662,male
Melody Time,1948,Johnny Appleseed,6.4,,male
Melody Time,1948,Little Toot,6.4,,female
Saludos Amigos,1942,José Carioca,6.2,,male
Teacher's Pet,1958,Leonard Helperman,7.1,,male
Teacher's Pet,1958,Mr. Jolly,7.1,,male
Teacher's Pet,1958,Pretty Boy,7.1,,male
Teacher's Pet,1958,Spot Helperman/Scott Leadready II,7.1,,male
Tinker Bell and the Great Fairy Rescue,2010,Lizzy Griffths,6.9,288544,female
Pooh's Heffalump Movie,2005,Lumpy the Heffalump,6.4,18013938,male
Pooh's Heffalump Movie,2005,Mama Heffalump,6.4,18013938,female
The Emperor's New School,2006,Malina,6.6,,female
Mary Poppins,1964,Mary Poppins,7.8,,female
Mary Poppins,1964,Penguin Waiters,7.8,,male
The Tortoise and the Hare,1935,Max Hare,7.2,,male
The Tortoise and the Hare,1935,Toby Tortoise,7.2,,male
Steamboat Willie,1928,Mickey Mouse,7.6,,male
Milo Murphy's Law,2016,Milo Murphy,7.6,,male
Mickey's Rival,1936,Mortimer Mouse,6.9,,male
Timon,1973,Natives,8.3,,female
Finding Nemo,2003,Nemo,8.1,380529370,male
Foods and Fun: A Nutrition Adventure,1980,Orange Bird,,,male
Trolley Troubles,1927,Oswald the Lucky Rabbit,6.3,,male
Pepper Ann,1997,Pepper Ann Pearson,7.1,,male
Alice Solves the Puzzle,1925,Pete,5.8,,male
Winnie the Pooh and the Blustery Day,1968,Piglet,8,,female
Winnie the Pooh and the Blustery Day,1968,Tigger,8,,male
The Chain Gang,1930,Pluto,6.6,,male
A Goofy Movie,1995,Powerline,6.8,,male
A Goofy Movie,1995,Principal Mazur,6.8,,male
A Goofy Movie,1995,"Robert ""Bobby"" Zimmeruski",6.8,,male
A Goofy Movie,1995,Roxanne,6.8,,female
Tangled Ever After,2012,Queen,7.6,,female
The Little Mermaid: Ariel's Beginning,2008,Queen Athena,6.3,,female
TRON: Legacy,2010,Sam Flynn,6.8,172051787,male
Mulan: 15th Anniversary - The Voices of Mulan II,2013,Sha-ron,,,None
The Reluctant Dragon,1941,Sir Giles,7,,male
The Reluctant Dragon,1941,Tobias the Reluctant Dragon,7,,male
Frankenweenie,2012,Sparky,6.9,35287788,male
The Weekenders,2000,Tino Tonitini,8,,male
Fun and Fancy Free,1947,Willie the Giant,6.6,,male