Movie Name,Year,Keyword,IMDb Rating,Box Office
Chicken Little,2005,fish,5.7,135289768.0
Chicken Little,2005,small town,5.7,135289768.0
Chicken Little,2005,space marine,5.7,135289768.0
Chicken Little,2005,chicken,5.7,135289768.0
Chicken Little,2005,alien,5.7,135289768.0
Chicken Little,2005,best friend,5.7,135289768.0
Chicken Little,2005,alien invasion,5.7,135289768.0
Chicken Little,2005,animal,5.7,135289768.0
Chicken Little,2005,duringcreditsstinger,5.7,135289768.0
Chicken Little,2005,3d,5.7,135289768.0
The Aristocats,1970,"paris, france",7.1,
The Aristocats,1970,cat,7.1,
The Aristocats,1970,butler,7.1,
The Aristocats,1970,return,7.1,
The Aristocats,1970,suspension,7.1,
The Aristocats,1970,music,7.1,
The Aristocats,1970,inheritance,7.1,
Aladdin and the Return of Jafar,1994,middle east,5.9,
Aladdin and the Return of Jafar,1994,musical,5.9,
Aladdin and the Return of Jafar,1994,sequel,5.9,
Aladdin and the Return of Jafar,1994,revenge,5.9,
Aladdin and the Return of Jafar,1994,magical object,5.9,
Aladdin and the Return of Jafar,1994,animal,5.9,
Aladdin and the Return of Jafar,1994,aftercreditsstinger,5.9,
Aladdin and the Return of Jafar,1994,aladdin,5.9,
Aladdin,1992,magic,8.0,
Aladdin,1992,parrot,8.0,
Aladdin,1992,musical,8.0,
Aladdin,1992,tiger,8.0,
Aladdin,1992,sultan,8.0,
Aladdin,1992,flying carpet,8.0,
Aladdin,1992,cartoon,8.0,
Aladdin,1992,princess,8.0,
Aladdin,1992,love,8.0,
Aladdin,1992,monkey,8.0,
Aladdin,1992,arab,8.0,
Aladdin,1992,aftercreditsstinger,8.0,
Aladdin,1992,genie,8.0,
Aladdin,1992,arabian nights,8.0,
Aladdin,1992,three wishes,8.0,
Aladdin,1992,animal sidekick,8.0,
Aladdin,1992,magic lamp,8.0,
The Hunchback of Notre Dame,1996,"paris, france",6.9,
The Hunchback of Notre Dame,1996,based on novel or book,6.9,
The Hunchback of Notre Dame,1996,judge,6.9,
The Hunchback of Notre Dame,1996,obsession,6.9,
The Hunchback of Notre Dame,1996,dance,6.9,
The Hunchback of Notre Dame,1996,sword,6.9,
The Hunchback of Notre Dame,1996,mockery,6.9,
The Hunchback of Notre Dame,1996,ugliness,6.9,
The Hunchback of Notre Dame,1996,cathedral,6.9,
The Hunchback of Notre Dame,1996,musical,6.9,
The Hunchback of Notre Dame,1996,fool,6.9,
The Hunchback of Notre Dame,1996,bell,6.9,
The Hunchback of Notre Dame,1996,religion,6.9,
The Hunchback of Notre Dame,1996,orphan,6.9,
The Hunchback of Notre Dame,1996,army captain,6.9,
The Hunchback of Notre Dame,1996,festival,6.9,
The Hunchback of Notre Dame,1996,angry mob,6.9,
The Hunchback of Notre Dame,1996,notre dame cathedral,6.9,
The Hunchback of Notre Dame,1996,witch hunt,6.9,
The Hunchback of Notre Dame,1996,15th century,6.9,
The Little Mermaid,1989,sea,7.6,
The Little Mermaid,1989,fireworks,7.6,
The Little Mermaid,1989,prince,7.6,
The Little Mermaid,1989,kingdom,7.6,
The Little Mermaid,1989,daughter,7.6,
The Little Mermaid,1989,mermaid,7.6,
The Little Mermaid,1989,princess,7.6,
The Little Mermaid,1989,crab,7.6,
The Little Mermaid,1989,spell,7.6,
The Little Mermaid,1989,fish out of water,7.6,
The Little Mermaid,1989,single father,7.6,
The Little Mermaid,1989,true love,7.6,
The Little Mermaid,1989,bargain,7.6,
The Little Mermaid,1989,father daughter relationship,7.6,
The Aristocats,1970,"paris, france",7.1,
The Aristocats,1970,cat,7.1,
The Aristocats,1970,butler,7.1,
The Aristocats,1970,return,7.1,
The Aristocats,1970,suspension,7.1,
The Aristocats,1970,music,7.1,
The Aristocats,1970,inheritance,7.1,
Wreck-It Ralph,2012,support group,7.7,189412677.0
Wreck-It Ralph,2012,product placement,7.7,189412677.0
Wreck-It Ralph,2012,bullying,7.7,189412677.0
Wreck-It Ralph,2012,racing,7.7,189412677.0
Wreck-It Ralph,2012,arcade,7.7,189412677.0
Wreck-It Ralph,2012,medal,7.7,189412677.0
Wreck-It Ralph,2012,self esteem,7.7,189412677.0
Wreck-It Ralph,2012,curiosity,7.7,189412677.0
Wreck-It Ralph,2012,precocious child,7.7,189412677.0
Wreck-It Ralph,2012,aftercreditsstinger,7.7,189412677.0
Wreck-It Ralph,2012,duringcreditsstinger,7.7,189412677.0
Wreck-It Ralph,2012,first person shooter,7.7,189412677.0
Wreck-It Ralph,2012,glitch,7.7,189412677.0
Wreck-It Ralph,2012,carefree,7.7,189412677.0
Wreck-It Ralph,2012,video gamer,7.7,189412677.0
Wreck-It Ralph,2012,q*bert,7.7,189412677.0
Wreck-It Ralph,2012,interrupted wedding,7.7,189412677.0
Wreck-It Ralph,2012,social reject,7.7,189412677.0
Wreck-It Ralph,2012,purpose of life,7.7,189412677.0
Bolt,2008,hamster,6.8,114053579.0
Bolt,2008,human animal relationship,6.8,114053579.0
Bolt,2008,kids and family,6.8,114053579.0
Bolt,2008,animal,6.8,114053579.0
Bolt,2008,cat vs dog,6.8,114053579.0
Bolt,2008,duringcreditsstinger,6.8,114053579.0
Bolt,2008,dog cat friendship,6.8,114053579.0
Bolt,2008,animal lead,6.8,114053579.0
Lilo & Stitch,2002,sibling relationship,7.2,145771527.0
Lilo & Stitch,2002,extraterrestrial technology,7.2,145771527.0
Lilo & Stitch,2002,hawaii,7.2,145771527.0
Lilo & Stitch,2002,adoption,7.2,145771527.0
Lilo & Stitch,2002,mutation,7.2,145771527.0
Lilo & Stitch,2002,alien life-form,7.2,145771527.0
Lilo & Stitch,2002,alien phenomenons,7.2,145771527.0
Lilo & Stitch,2002,dog,7.2,145771527.0
Lilo & Stitch,2002,dead parents,7.2,145771527.0
Donald Duck and the Gorilla,1944,gorilla,7.4,
Donald Duck and the Gorilla,1944,cartoon,7.4,
Donald Duck and the Gorilla,1944,gorilla costume,7.4,
Donald Duck and the Gorilla,1944,short,7.4,
The Jungle Book,2016,based on novel or book,7.4,363995937.0
The Jungle Book,2016,snake,7.4,363995937.0
The Jungle Book,2016,wolf,7.4,363995937.0
The Jungle Book,2016,elephant,7.4,363995937.0
The Jungle Book,2016,tiger,7.4,363995937.0
The Jungle Book,2016,feral child,7.4,363995937.0
The Jungle Book,2016,panther,7.4,363995937.0
The Jungle Book,2016,remake,7.4,363995937.0
The Jungle Book,2016,bear,7.4,363995937.0
The Jungle Book,2016,jungle,7.4,363995937.0
The Jungle Book,2016,anthropomorphism,7.4,363995937.0
The Jungle Book,2016,orphan,7.4,363995937.0
The Jungle Book,2016,ape,7.4,363995937.0
The Jungle Book,2016,monkey,7.4,363995937.0
The Jungle Book,2016,animal,7.4,363995937.0
The Jungle Book,2016,talking to animals,7.4,363995937.0
The Jungle Book,2016,climbing a tree,7.4,363995937.0
The Jungle Book,2016,live action remake,7.4,363995937.0
Lady and the Tramp,1955,cat,7.3,
Lady and the Tramp,1955,spaghetti,7.3,
Lady and the Tramp,1955,lover (female),7.3,
Lady and the Tramp,1955,love of one's life,7.3,
Lady and the Tramp,1955,kiss,7.3,
Lady and the Tramp,1955,dog,7.3,
Dinosaur,2000,cataclysm,6.5,135606304.0
Dinosaur,2000,asteroid,6.5,135606304.0
Dinosaur,2000,leader,6.5,135606304.0
Dinosaur,2000,comet,6.5,135606304.0
Dinosaur,2000,prehistoric,6.5,135606304.0
Dinosaur,2000,prehistoric egg,6.5,135606304.0
Dinosaur,2000,dinosaur,6.5,135606304.0
Dinosaur,2000,nesting grounds,6.5,135606304.0
Dinosaur,2000,prehistoric creature,6.5,135606304.0
Dinosaur,2000,prehistoric adventure,6.5,135606304.0
Dinosaur,2000,lemur,6.5,135606304.0
Dinosaur,2000,prehistoric times,6.5,135606304.0
Home on the Range,2004,farm,5.3,49887802.0
Home on the Range,2004,cow,5.3,49887802.0
Home on the Range,2004,animal,5.3,49887802.0
Robin Hood,2010,robin hood,6.6,105219735.0
Robin Hood,2010,archer,6.6,105219735.0
Robin Hood,2010,knight,6.6,105219735.0
Robin Hood,2010,sherwood forest,6.6,105219735.0
Robin Hood,2010,bow and arrow,6.6,105219735.0
Robin Hood,2010,middle ages,6.6,105219735.0
Robin Hood,2010,medieval,6.6,105219735.0
Robin Hood,2010,king of england,6.6,105219735.0
Robin Hood,2010,12th century,6.6,105219735.0
Hercules,1997,hades,7.3,
Hercules,1997,musical,7.3,
Hercules,1997,peasant,7.3,
Hercules,1997,pegasus,7.3,
Hercules,1997,zeus,7.3,
Hercules,1997,ancient greece,7.3,
Hercules,1997,aftercreditsstinger,7.3,
Hercules,1997,olympus,7.3,
Hercules,1997,hercules,7.3,
Alice in Wonderland,2010,based on novel or book,6.4,319323000.0
Alice in Wonderland,2010,fictional place,6.4,319323000.0
Alice in Wonderland,2010,queen,6.4,319323000.0
Alice in Wonderland,2010,alice in wonderland,6.4,319323000.0
Alice in Wonderland,2010,fantasy world,6.4,319323000.0
Alice in Wonderland,2010,3d,6.4,319323000.0
Alice in Wonderland,2010,live action remake,6.4,319323000.0
Alice in Wonderland,2010,based on young adult novel,6.4,319323000.0
Make Mine Music,1946,musical,6.3,
The Fox and the Hound,1981,based on novel or book,7.3,
The Fox and the Hound,1981,fox,7.3,
The Fox and the Hound,1981,friendship,7.3,
The Fox and the Hound,1981,dog,7.3,
The Fox and the Hound,1981,animal,7.3,
The Fox and the Hound,1981,hunting,7.3,
The Fox and the Hound,1981,unlikely friendship,7.3,
Cinderella,2015,magic,6.9,183327144.0
Cinderella,2015,prince,6.9,183327144.0
Cinderella,2015,fairy tale,6.9,183327144.0
Cinderella,2015,kingdom,6.9,183327144.0
Cinderella,2015,royalty,6.9,183327144.0
Cinderella,2015,orphan,6.9,183327144.0
Cinderella,2015,lost shoe,6.9,183327144.0
Cinderella,2015,evil stepmother,6.9,183327144.0
Cinderella,2015,based on fairy tale,6.9,183327144.0
Cinderella,2015,retelling,6.9,183327144.0
Cinderella,2015,live action remake,6.9,183327144.0
Cinderella,2015,cenicienta,6.9,183327144.0
Cinderella,2015,cinderella,6.9,183327144.0
Brother Bear 2,2006,grizzly bear,6.2,
Brother Bear 2,2006,human animal relationship,6.2,
Brother Bear 2,2006,forest,6.2,
Brother Bear 2,2006,hibernation,6.2,
Brother Bear 2,2006,moose,6.2,
Lilo & Stitch,2002,sibling relationship,7.2,145771527.0
Lilo & Stitch,2002,extraterrestrial technology,7.2,145771527.0
Lilo & Stitch,2002,hawaii,7.2,145771527.0
Lilo & Stitch,2002,adoption,7.2,145771527.0
Lilo & Stitch,2002,mutation,7.2,145771527.0
Lilo & Stitch,2002,alien life-form,7.2,145771527.0
Lilo & Stitch,2002,alien phenomenons,7.2,145771527.0
Lilo & Stitch,2002,dog,7.2,145771527.0
Lilo & Stitch,2002,dead parents,7.2,145771527.0
Beauty and the Beast: The Enchanted Christmas,1997,fairy tale,6.1,
Beauty and the Beast: The Enchanted Christmas,1997,beast,6.1,
Beauty and the Beast: The Enchanted Christmas,1997,christmas,6.1,
The Adventures of Ichabod and Mr. Toad,1949,based on novel or book,7.0,
The Adventures of Ichabod and Mr. Toad,1949,halloween,7.0,
The Adventures of Ichabod and Mr. Toad,1949,mystery,7.0,
The Adventures of Ichabod and Mr. Toad,1949,canon,7.0,
The Adventures of Ichabod and Mr. Toad,1949,headless horseman,7.0,
The Adventures of Ichabod and Mr. Toad,1949,walt disney,7.0,
The Adventures of Ichabod and Mr. Toad,1949,disney,7.0,
101 Dalmatians,1996,"london, england",5.7,
101 Dalmatians,1996,fur,5.7,
101 Dalmatians,1996,fashion designer,5.7,
101 Dalmatians,1996,puppy,5.7,
101 Dalmatians,1996,fur coat,5.7,
101 Dalmatians,1996,based on children's book,5.7,
101 Dalmatians,1996,dog,5.7,
101 Dalmatians,1996,dalmatian,5.7,
101 Dalmatians,1996,female villain,5.7,
101 Dalmatians,1996,live action remake,5.7,
Frozen,2013,queen,7.5,400736600.0
Frozen,2013,musical,7.5,400736600.0
Frozen,2013,princess,7.5,400736600.0
Frozen,2013,betrayal,7.5,400736600.0
Frozen,2013,snowman,7.5,400736600.0
Frozen,2013,reindeer,7.5,400736600.0
Frozen,2013,curse,7.5,400736600.0
Frozen,2013,snow,7.5,400736600.0
Frozen,2013,troll,7.5,400736600.0
Frozen,2013,mountain climber,7.5,400736600.0
Frozen,2013,aftercreditsstinger,7.5,400736600.0
Frozen,2013,woman director,7.5,400736600.0
Frozen,2013,3d,7.5,400736600.0
The Three Caballeros,1944,part live action,6.5,
The Three Caballeros,1944,south america,6.5,
The Three Caballeros,1944,pinata,6.5,
The Three Caballeros,1944,live action and animation,6.5,
Tarzan,1999,gorilla,7.3,
Tarzan,1999,baby,7.3,
Tarzan,1999,adoption,7.3,
Tarzan,1999,feral child,7.3,
Tarzan,1999,nest,7.3,
Tarzan,1999,jungle,7.3,
Tarzan,1999,camp,7.3,
Tarzan,1999,orphan,7.3,
The Sword in the Stone,1963,based on novel or book,7.2,
The Sword in the Stone,1963,owl,7.2,
The Sword in the Stone,1963,merlin,7.2,
The Sword in the Stone,1963,knight,7.2,
The Sword in the Stone,1963,king arthur,7.2,
The Sword in the Stone,1963,turns into animal,7.2,
The Sword in the Stone,1963,excalibur,7.2,
The Sword in the Stone,1963,wart,7.2,
The Sword in the Stone,1963,sword in the stone,7.2,
Beauty and the Beast,1991,prince,8.0,47611331.0
Beauty and the Beast,1991,book,8.0,47611331.0
Beauty and the Beast,1991,castle,8.0,47611331.0
Beauty and the Beast,1991,rose,8.0,47611331.0
Beauty and the Beast,1991,musical,8.0,47611331.0
Beauty and the Beast,1991,princess,8.0,47611331.0
Beauty and the Beast,1991,based on tv series,8.0,47611331.0
Beauty and the Beast,1991,beast,8.0,47611331.0
Beauty and the Beast,1991,belle,8.0,47611331.0
Zootopia,2016,allegory,8.0,341264012.0
Zootopia,2016,lion,8.0,341264012.0
Zootopia,2016,hippopotamus,8.0,341264012.0
Zootopia,2016,fox,8.0,341264012.0
Zootopia,2016,elephant,8.0,341264012.0
Zootopia,2016,sheep,8.0,341264012.0
Zootopia,2016,polar bear,8.0,341264012.0
Zootopia,2016,bullying,8.0,341264012.0
Zootopia,2016,moose,8.0,341264012.0
Zootopia,2016,revenge,8.0,341264012.0
Zootopia,2016,conspiracy,8.0,341264012.0
Zootopia,2016,urban,8.0,341264012.0
Zootopia,2016,female protagonist,8.0,341264012.0
Zootopia,2016,cheetah,8.0,341264012.0
Zootopia,2016,anthropomorphism,8.0,341264012.0
Zootopia,2016,rabbit,8.0,341264012.0
Zootopia,2016,rookie cop,8.0,341264012.0
Zootopia,2016,missing person,8.0,341264012.0
Zootopia,2016,racial prejudice,8.0,341264012.0
Zootopia,2016,injustice,8.0,341264012.0
Zootopia,2016,reconciliation,8.0,341264012.0
Zootopia,2016,ram,8.0,341264012.0
Zootopia,2016,stereotype,8.0,341264012.0
Zootopia,2016,badger,8.0,341264012.0
Zootopia,2016,discrimination,8.0,341264012.0
Zootopia,2016,3d,8.0,341264012.0
Zootopia,2016,police woman,8.0,341264012.0
Zootopia,2016,yak,8.0,341264012.0
Zootopia,2016,african buffalo,8.0,341264012.0
Zootopia,2016,gazelle,8.0,341264012.0
Zootopia,2016,three-toed sloth,8.0,341264012.0
Zootopia,2016,arctic shrew,8.0,341264012.0
Zootopia,2016,african elephant,8.0,341264012.0
Zootopia,2016,honey badger,8.0,341264012.0
Zootopia,2016,indian elephant,8.0,341264012.0
Zootopia,2016,black jaguar,8.0,341264012.0
Zootopia,2016,fennec fox,8.0,341264012.0
Zootopia,2016,black rhinoceros,8.0,341264012.0
Zootopia,2016,nine-banded armadillo,8.0,341264012.0
Atlantis: The Lost Empire,2001,submarine,6.9,83561615.0
Atlantis: The Lost Empire,2001,sea,6.9,83561615.0
Atlantis: The Lost Empire,2001,atlantis,6.9,83561615.0
Atlantis: The Lost Empire,2001,underwater,6.9,83561615.0
Atlantis: The Lost Empire,2001,sea monster,6.9,83561615.0
Sleeping Beauty,1959,sleep,7.2,
Sleeping Beauty,1959,magic,7.2,
Sleeping Beauty,1959,fairy,7.2,
Sleeping Beauty,1959,prince,7.2,
Sleeping Beauty,1959,castle,7.2,
Sleeping Beauty,1959,fairy tale,7.2,
Sleeping Beauty,1959,kingdom,7.2,
Sleeping Beauty,1959,musical,7.2,
Sleeping Beauty,1959,kiss,7.2,
Sleeping Beauty,1959,princess,7.2,
Sleeping Beauty,1959,sleeping beauty,7.2,
Sleeping Beauty,1959,knight,7.2,
Sleeping Beauty,1959,dragon,7.2,
Sleeping Beauty,1959,dungeon,7.2,
Sleeping Beauty,1959,based on fairy tale,7.2,
Sofia the First,2013,princess,7.0,
Fantasia 2000,1999,orchestra,7.2,
Fantasia 2000,1999,musical segments,7.2,
Bambi,1942,loss of loved one,7.3,
Bambi,1942,forest,7.3,
Bambi,1942,deer,7.3,
Bambi,1942,coming of age,7.3,
Bambi,1942,best friend,7.3,
Bambi,1942,rabbit,7.3,
Bambi,1942,forest fire,7.3,
The Lion King,1994,loss of loved one,8.5,94240635.0
The Lion King,1994,lion,8.5,94240635.0
The Lion King,1994,musical,8.5,94240635.0
The Lion King,1994,wild boar,8.5,94240635.0
The Lion King,1994,uncle,8.5,94240635.0
The Lion King,1994,shaman,8.5,94240635.0
The Lion King,1994,redemption,8.5,94240635.0
The Lion King,1994,king,8.5,94240635.0
The Lion King,1994,scar,8.5,94240635.0
The Lion King,1994,family,8.5,94240635.0
The Lion King,1994,hyena,8.5,94240635.0
The Lion King,1994,meerkat,8.5,94240635.0
The Lion King,1994,mandrill,8.5,94240635.0
The Great Mouse Detective,1986,"london, england",7.2,
The Great Mouse Detective,1986,detective,7.2,
The Great Mouse Detective,1986,queen,7.2,
The Great Mouse Detective,1986,mouse,7.2,
The Great Mouse Detective,1986,victorian england,7.2,
The Great Mouse Detective,1986,sherlock holmes,7.2,
The Great Mouse Detective,1986,cartoon mouse,7.2,
The Great Mouse Detective,1986,19th century,7.2,
Snow White and the Seven Dwarfs,1937,poison,7.6,
Snow White and the Seven Dwarfs,1937,witch,7.6,
Snow White and the Seven Dwarfs,1937,becoming an adult,7.6,
Snow White and the Seven Dwarfs,1937,sadness,7.6,
Snow White and the Seven Dwarfs,1937,queen,7.6,
Snow White and the Seven Dwarfs,1937,attempted murder,7.6,
Snow White and the Seven Dwarfs,1937,dying and death,7.6,
Snow White and the Seven Dwarfs,1937,appearance,7.6,
Snow White and the Seven Dwarfs,1937,princess,7.6,
Snow White and the Seven Dwarfs,1937,candlelight vigil,7.6,
Snow White and the Seven Dwarfs,1937,snow white,7.6,
Snow White and the Seven Dwarfs,1937,based on fairy tale,7.6,
Big Hero 6,2014,sibling relationship,7.8,
Big Hero 6,2014,hero,7.8,
Big Hero 6,2014,talent,7.8,
Big Hero 6,2014,friendship,7.8,
Big Hero 6,2014,revenge,7.8,
Big Hero 6,2014,best friend,7.8,
Big Hero 6,2014,another dimension,7.8,
Big Hero 6,2014,robot,7.8,
Big Hero 6,2014,boy genius,7.8,
Big Hero 6,2014,hate,7.8,
Big Hero 6,2014,aftercreditsstinger,7.8,
Big Hero 6,2014,moral dilemma,7.8,
Big Hero 6,2014,3d,7.8,
Big Hero 6,2014,teen superhero,7.8,
Big Hero 6,2014,dead brother,7.8,
Bedknobs and Broomsticks,1971,flying,7.1,
Bedknobs and Broomsticks,1971,witch,7.1,
Bedknobs and Broomsticks,1971,world war ii,7.1,
Bedknobs and Broomsticks,1971,broom,7.1,
Bedknobs and Broomsticks,1971,children in wartime,7.1,
The Country Bears,2002,human animal relationship,4.1,16892873.0
The Country Bears,2002,musical,4.1,16892873.0
The Country Bears,2002,clowning,4.1,16892873.0
The Country Bears,2002,bear,4.1,16892873.0
The Country Bears,2002,social satire,4.1,16892873.0
The Country Bears,2002,aftercreditsstinger,4.1,16892873.0
The Country Bears,2002,duringcreditsstinger,4.1,16892873.0
Pocahontas,1995,culture clash,6.7,
Pocahontas,1995,forbidden love,6.7,
Pocahontas,1995,colony,6.7,
Pocahontas,1995,musical,6.7,
Pocahontas,1995,gold rush,6.7,
Pocahontas,1995,princess,6.7,
Pocahontas,1995,native american,6.7,
Pocahontas,1995,colonisation,6.7,
Pocahontas,1995,virginia,6.7,
Pocahontas,1995,star crossed lovers,6.7,
Pocahontas,1995,intercultural relationship,6.7,
Pocahontas,1995,"based on myths, legends or folklore",6.7,
Pocahontas,1995,17th century,6.7,
Pocahontas,1995,shamanism,6.7,
Pocahontas,1995,animal sidekick,6.7,
Fantasia,1940,orchestra,7.8,
Fantasia,1940,classical music,7.8,
Fantasia,1940,musical segments,7.8,
The Legend of Coyote Rock,1945,short,6.6,
Sheep Dog,1949,cartoon,6.2,
Sheep Dog,1949,pluto,6.2,
Sheep Dog,1949,coyote,6.2,
Sheep Dog,1949,sheep dog,6.2,
Sheep Dog,1949,short,6.2,
An Extremely Goofy Movie,2000,skateboarding,6.3,
An Extremely Goofy Movie,2000,parent child relationship,6.3,
An Extremely Goofy Movie,2000,college,6.3,
An Extremely Goofy Movie,2000,sport,6.3,
An Extremely Goofy Movie,2000,duringcreditsstinger,6.3,
An Extremely Goofy Movie,2000,father son conflict,6.3,
The Rescuers,1977,kidnapping,6.9,
The Rescuers,1977,mouse,6.9,
The Rescuers,1977,baby-snatching,6.9,
The Rescuers,1977,bottle,6.9,
The Rescuers,1977,rescue,6.9,
The Rescuers,1977,energy,6.9,
The Rescuers,1977,rescue mission,6.9,
The Rescuers,1977,mole,6.9,
The Rescuers,1977,car,6.9,
The Rescuers,1977,hole,6.9,
The Rescuers,1977,tide,6.9,
Three Little Pigs,1933,cartoon,7.5,
Three Little Pigs,1933,big bad wolf,7.5,
Three Little Pigs,1933,silly symphony,7.5,
Three Little Pigs,1933,short,7.5,
Treasure Planet,2002,cyborg,7.2,38120554.0
Treasure Planet,2002,loss of loved one,7.2,38120554.0
Treasure Planet,2002,based on novel or book,7.2,38120554.0
Treasure Planet,2002,space marine,7.2,38120554.0
Treasure Planet,2002,mutiny,7.2,38120554.0
Treasure Planet,2002,map,7.2,38120554.0
Treasure Planet,2002,pirate gang,7.2,38120554.0
Treasure Planet,2002,treasure hunt,7.2,38120554.0
Treasure Planet,2002,little boy,7.2,38120554.0
Treasure Planet,2002,space,7.2,38120554.0
Treasure Planet,2002,alien,7.2,38120554.0
Treasure Planet,2002,money,7.2,38120554.0
Treasure Planet,2002,treasure map,7.2,38120554.0
Treasure Planet,2002,planet,7.2,38120554.0
Treasure Planet,2002,troubled teen,7.2,38120554.0
Treasure Planet,2002,space pirate,7.2,38120554.0
Tinker Bell and the Lost Treasure,2009,friendship,6.7,
Tinker Bell and the Lost Treasure,2009,based on children's book,6.7,
Tinker Bell and the Lost Treasure,2009,anger issues,6.7,
Tinker Bell and the Lost Treasure,2009,inspired by novel,6.7,
Pinocchio,1940,italy,7.4,
Pinocchio,1940,sea,7.4,
Pinocchio,1940,lie,7.4,
Pinocchio,1940,magic,7.4,
Pinocchio,1940,fairy,7.4,
Pinocchio,1940,carnival,7.4,
Pinocchio,1940,donkey,7.4,
Pinocchio,1940,whale,7.4,
Pinocchio,1940,wish,7.4,
Pinocchio,1940,boy,7.4,
Pinocchio,1940,nose,7.4,
Pinocchio,1940,puppet,7.4,
Pinocchio,1940,rescue,7.4,
Pinocchio,1940,conscience,7.4,
Pinocchio,1940,jackass,7.4,
Pinocchio,1940,wish fulfillment,7.4,
Pinocchio,1940,toy comes to life,7.4,
Meet the Robinsons,2007,saving the world,6.8,97690955.0
Meet the Robinsons,2007,tyrannosaurus rex,6.8,97690955.0
Meet the Robinsons,2007,adoption,6.8,97690955.0
Meet the Robinsons,2007,future,6.8,97690955.0
Meet the Robinsons,2007,time travel,6.8,97690955.0
Meet the Robinsons,2007,time machine,6.8,97690955.0
Meet the Robinsons,2007,mythical creature,6.8,97690955.0
Meet the Robinsons,2007,friendship,6.8,97690955.0
Meet the Robinsons,2007,best friend,6.8,97690955.0
Meet the Robinsons,2007,rescue team,6.8,97690955.0
Meet the Robinsons,2007,family,6.8,97690955.0
Meet the Robinsons,2007,3d,6.8,97690955.0
Song of the South,1946,southern,7.1,
The Emperor's New Groove,2000,central and south america,7.3,87320505.0
The Emperor's New Groove,2000,birthday,7.3,87320505.0
The Emperor's New Groove,2000,emperor,7.3,87320505.0
The Emperor's New Groove,2000,palace,7.3,87320505.0
The Emperor's New Groove,2000,kingdom,7.3,87320505.0
The Emperor's New Groove,2000,berater,7.3,87320505.0
The Emperor's New Groove,2000,inca,7.3,87320505.0
The Emperor's New Groove,2000,llama,7.3,87320505.0
The Princess and the Frog,2009,new orleans,7.1,104374107.0
The Princess and the Frog,2009,voodoo,7.1,104374107.0
The Princess and the Frog,2009,frog,7.1,104374107.0
The Princess and the Frog,2009,kiss,7.1,104374107.0
The Princess and the Frog,2009,princess,7.1,104374107.0
The Princess and the Frog,2009,cajun,7.1,104374107.0
The Princess and the Frog,2009,firefly,7.1,104374107.0
The Princess and the Frog,2009,based on fairy tale,7.1,104374107.0
The Princess and the Frog,2009,duringcreditsstinger,7.1,104374107.0
The Princess and the Frog,2009,big dreams,7.1,104374107.0
The Princess and the Frog,2009,frog prince,7.1,104374107.0
The Princess and the Frog,2009,charlatan,7.1,104374107.0
The Princess and the Frog,2009,1920s,7.1,104374107.0
Bone Trouble,1940,cartoon,7.2,
Bone Trouble,1940,short,7.2,
Ralph Breaks the Internet,2018,video game,7.1,
Ralph Breaks the Internet,2018,sequel,7.1,
Ralph Breaks the Internet,2018,internet,7.1,
Ralph Breaks the Internet,2018,lethal virus,7.1,
Ralph Breaks the Internet,2018,aftercreditsstinger,7.1,
Ralph Breaks the Internet,2018,duringcreditsstinger,7.1,
One Hundred and One Dalmatians,1961,"london, england",7.2,
One Hundred and One Dalmatians,1961,puppy,7.2,
One Hundred and One Dalmatians,1961,dog,7.2,
One Hundred and One Dalmatians,1961,dalmatian,7.2,
One Hundred and One Dalmatians,1961,female villain,7.2,
Peter Pan,1953,flying,7.3,
Peter Pan,1953,sibling relationship,7.3,
Peter Pan,1953,becoming an adult,7.3,
Peter Pan,1953,magic,7.3,
Peter Pan,1953,fairy,7.3,
Peter Pan,1953,child hero,7.3,
Peter Pan,1953,bravery,7.3,
Peter Pan,1953,musical,7.3,
Peter Pan,1953,pirate gang,7.3,
Peter Pan,1953,mermaid,7.3,
Peter Pan,1953,pirate,7.3,
Peter Pan,1953,native peoples,7.3,
Dumbo,1941,circus,7.2,
Dumbo,1941,mother,7.2,
Dumbo,1941,dream,7.2,
Dumbo,1941,mouse,7.2,
Dumbo,1941,elephant,7.2,
Dumbo,1941,nightmare,7.2,
Dumbo,1941,suffering,7.2,
Dumbo,1941,clown,7.2,
Dumbo,1941,ear,7.2,
Dumbo,1941,musical,7.2,
Dumbo,1941,crow,7.2,
Dumbo,1941,affection,7.2,
Dumbo,1941,storch,7.2,
Dumbo,1941,big ears,7.2,
The Fox and the Hound 2,2006,fox,5.3,
The Fox and the Hound 2,2006,dog,5.3,
Aladdin and the King of Thieves,1996,musical,6.4,
Aladdin and the King of Thieves,1996,flying carpet,6.4,
Aladdin and the King of Thieves,1996,orient,6.4,
Aladdin and the King of Thieves,1996,sequel,6.4,
Aladdin and the King of Thieves,1996,genie,6.4,
Aladdin and the King of Thieves,1996,arabian nights,6.4,
Belle's Magical World,1998,teamwork,5.4,
Belle's Magical World,1998,friendship,5.4,
Belle's Magical World,1998,princess,5.4,
Mulan,1998,homeland,7.6,
Mulan,1998,musical,7.6,
Mulan,1998,training,7.6,
Mulan,1998,daughter,7.6,
Mulan,1998,cricket,7.6,
Mulan,1998,princess,7.6,
Mulan,1998,dragon,7.6,
Mulan,1998,ancient china,7.6,
Mulan,1998,luck,7.6,
Mulan,1998,great wall of china,7.6,
Private Pluto,1943,infantry,6.8,
Private Pluto,1943,wartime,6.8,
Private Pluto,1943,chip n dale,6.8,
Private Pluto,1943,pluto,6.8,
Private Pluto,1943,short,6.8,
Plane Crazy,1928,silent film,7.3,
Plane Crazy,1928,sound,7.3,
The Rescuers Down Under,1990,diamond,6.9,
The Rescuers Down Under,1990,kidnapping,6.9,
The Rescuers Down Under,1990,mouse,6.9,
The Rescuers Down Under,1990,alligator,6.9,
The Rescuers Down Under,1990,baby-snatching,6.9,
The Rescuers Down Under,1990,eagle,6.9,
The Rescuers Down Under,1990,australia,6.9,
The Rescuers Down Under,1990,waterfall,6.9,
The Rescuers Down Under,1990,poacher,6.9,
The Rescuers Down Under,1990,nest,6.9,
The Rescuers Down Under,1990,australian outback,6.9,
The Black Cauldron,1985,sword,6.4,
The Black Cauldron,1985,pig,6.4,
Mr. Duck Steps Out,1940,cartoon,7.5,
Mr. Duck Steps Out,1940,short,7.5,
Peter Pan 2: Return to Never Land,2002,flying,5.8,48325822.0
Peter Pan 2: Return to Never Land,2002,peter pan,5.8,48325822.0
Peter Pan 2: Return to Never Land,2002,sequel,5.8,48325822.0
The Incredibles,2004,secret identity,8.0,
The Incredibles,2004,secret,8.0,
The Incredibles,2004,hero,8.0,
The Incredibles,2004,island,8.0,
The Incredibles,2004,wretch,8.0,
The Incredibles,2004,weapon,8.0,
The Incredibles,2004,lawsuit,8.0,
The Incredibles,2004,superhero,8.0,
The Incredibles,2004,super power,8.0,
Brother Bear,2003,sibling relationship,6.8,85095337.0
Brother Bear,2003,grizzly bear,6.8,85095337.0
Brother Bear,2003,inuit,6.8,85095337.0
Brother Bear,2003,transformation,6.8,85095337.0
Brother Bear,2003,friendship,6.8,85095337.0
Brother Bear,2003,bear,6.8,85095337.0
Brother Bear,2003,sibling rivalry,6.8,85095337.0
Brother Bear,2003,turns into animal,6.8,85095337.0
Brother Bear,2003,unlikely friendship,6.8,85095337.0
Brother Bear,2003,aftercreditsstinger,6.8,85095337.0
Brother Bear,2003,duringcreditsstinger,6.8,85095337.0
Brother Bear,2003,animal lead,6.8,85095337.0
Brother Bear,2003,brother bear,6.8,85095337.0
Brother Bear,2003,bjørne brødre,6.8,85095337.0
Oliver,1983,gay interest,7.6,
Oliver,1983,male prostitute,7.6,
The Sleepwalker,2014,woman director,4.9,2636.0
The Sleepwalker,2014,young couple,4.9,2636.0
The Sleepwalker,2014,secluded,4.9,2636.0
The Sleepwalker,2014,family estate,4.9,2636.0
The Wise Little Hen,1934,silly symphony,7.2,
The Wise Little Hen,1934,cartoon chicken,7.2,
The Wise Little Hen,1934,cartoon pig,7.2,
The Wise Little Hen,1934,harvest,7.2,
The Wise Little Hen,1934,faking illness,7.2,
The Wise Little Hen,1934,short,7.2,
Pete's Dragon,2016,feral child,6.7,76228119.0
Pete's Dragon,2016,remake,6.7,76228119.0
Pete's Dragon,2016,dragon,6.7,76228119.0
Pete's Dragon,2016,orphan,6.7,76228119.0
Pete's Dragon,2016,pacific northwest,6.7,76228119.0
Pete's Dragon,2016,1980s,6.7,76228119.0
Pete's Dragon,2016,live action and animation,6.7,76228119.0
Tangled,2010,hostage,7.7,200803309.0
Tangled,2010,magic,7.7,200803309.0
Tangled,2010,horse,7.7,200803309.0
Tangled,2010,fairy tale,7.7,200803309.0
Tangled,2010,musical,7.7,200803309.0
Tangled,2010,blonde,7.7,200803309.0
Tangled,2010,princess,7.7,200803309.0
Tangled,2010,tower,7.7,200803309.0
Tangled,2010,selfishness,7.7,200803309.0
Tangled,2010,healing power,7.7,200803309.0
Tangled,2010,based on fairy tale,7.7,200803309.0
Tangled,2010,duringcreditsstinger,7.7,200803309.0
Tangled,2010,healing gift,7.7,200803309.0
Tangled,2010,animal sidekick,7.7,200803309.0
Tangled,2010,rapunzel,7.7,200803309.0
Enchanted,2007,poison,7.0,127706877.0
Enchanted,2007,queen,7.0,127706877.0
Enchanted,2007,fairy tale,7.0,127706877.0
Enchanted,2007,musical,7.0,127706877.0
Enchanted,2007,princess,7.0,127706877.0
Enchanted,2007,portal,7.0,127706877.0
Enchanted,2007,"manhattan, new york city",7.0,127706877.0
Enchanted,2007,fantasy world,7.0,127706877.0
Enchanted,2007,evil witch,7.0,127706877.0
Enchanted,2007,part animation,7.0,127706877.0
Enchanted,2007,central park new york city,7.0,127706877.0
Secret of the Wings,2012,winter,7.1,1871624.0
Secret of the Wings,2012,fairy,7.1,1871624.0
Secret of the Wings,2012,fairy tale,7.1,1871624.0
Secret of the Wings,2012,cold,7.1,1871624.0
Secret of the Wings,2012,separation,7.1,1871624.0
Secret of the Wings,2012,duringcreditsstinger,7.1,1871624.0
Secret of the Wings,2012,woman director,7.1,1871624.0
Secret of the Wings,2012,3d,7.1,1871624.0
Moana,2016,ocean,7.6,248752120.0
Moana,2016,sailboat,7.6,248752120.0
Moana,2016,sea,7.6,248752120.0
Moana,2016,mythology,7.6,248752120.0
Moana,2016,island,7.6,248752120.0
Moana,2016,musical,7.6,248752120.0
Moana,2016,curse,7.6,248752120.0
Moana,2016,young girl,7.6,248752120.0
Moana,2016,sailor,7.6,248752120.0
Moana,2016,aftercreditsstinger,7.6,248752120.0
Moana,2016,demigod,7.6,248752120.0
Moana,2016,polynesia,7.6,248752120.0
Moana,2016,voyage,7.6,248752120.0
Moana,2016,pacific  ocean,7.6,248752120.0
Moana,2016,quest,7.6,248752120.0
Moana,2016,island life,7.6,248752120.0
Moana,2016,animal sidekick,7.6,248752120.0
Donald's Cousin Gus,1939,short,7.0,
The Nightmare Before Christmas,1993,holiday,8.0,8616662.0
The Nightmare Before Christmas,1993,fire,8.0,8616662.0
The Nightmare Before Christmas,1993,santa claus,8.0,8616662.0
The Nightmare Before Christmas,1993,magic,8.0,8616662.0
The Nightmare Before Christmas,1993,halloween,8.0,8616662.0
The Nightmare Before Christmas,1993,skeleton,8.0,8616662.0
The Nightmare Before Christmas,1993,musical,8.0,8616662.0
The Nightmare Before Christmas,1993,christmas tree,8.0,8616662.0
The Nightmare Before Christmas,1993,woods,8.0,8616662.0
The Nightmare Before Christmas,1993,stop motion,8.0,8616662.0
The Nightmare Before Christmas,1993,pumpkin,8.0,8616662.0
The Nightmare Before Christmas,1993,jack o lantern,8.0,8616662.0
The Nightmare Before Christmas,1993,saving christmas,8.0,8616662.0
The Nightmare Before Christmas,1993,christmas,8.0,8616662.0
Saludos Amigos,1942,brazil,6.2,
Saludos Amigos,1942,culture,6.2,
Tinker Bell and the Great Fairy Rescue,2010,"london, england",6.9,288544.0
Tinker Bell and the Great Fairy Rescue,2010,flying,6.9,288544.0
Tinker Bell and the Great Fairy Rescue,2010,countryside,6.9,288544.0
Tinker Bell and the Great Fairy Rescue,2010,parent child relationship,6.9,288544.0
Tinker Bell and the Great Fairy Rescue,2010,magic,6.9,288544.0
Tinker Bell and the Great Fairy Rescue,2010,fairy,6.9,288544.0
Tinker Bell and the Great Fairy Rescue,2010,fairy tale,6.9,288544.0
Tinker Bell and the Great Fairy Rescue,2010,peter pan,6.9,288544.0
Tinker Bell and the Great Fairy Rescue,2010,vacation,6.9,288544.0
Tinker Bell and the Great Fairy Rescue,2010,friends,6.9,288544.0
Tinker Bell and the Great Fairy Rescue,2010,growing up,6.9,288544.0
Tinker Bell and the Great Fairy Rescue,2010,rescue,6.9,288544.0
Tinker Bell and the Great Fairy Rescue,2010,summer,6.9,288544.0
Tinker Bell and the Great Fairy Rescue,2010,scientist,6.9,288544.0
Tinker Bell and the Great Fairy Rescue,2010,human,6.9,288544.0
Tinker Bell and the Great Fairy Rescue,2010,father daughter conflict,6.9,288544.0
Tinker Bell and the Great Fairy Rescue,2010,tinkerbell,6.9,288544.0
Mary Poppins,1964,"london, england",7.8,
Mary Poppins,1964,dancing,7.8,
Mary Poppins,1964,sibling relationship,7.8,
Mary Poppins,1964,parent child relationship,7.8,
Mary Poppins,1964,bank,7.8,
Mary Poppins,1964,famous score,7.8,
Mary Poppins,1964,confidence,7.8,
Mary Poppins,1964,nanny,7.8,
Mary Poppins,1964,laughing,7.8,
Mary Poppins,1964,magic,7.8,
Mary Poppins,1964,penguin,7.8,
Mary Poppins,1964,musical,7.8,
Mary Poppins,1964,fox hunt,7.8,
Mary Poppins,1964,kite flying,7.8,
Mary Poppins,1964,live action and animation,7.8,
Mary Poppins,1964,1910s,7.8,
Mary Poppins,1964,chimney sweep,7.8,
Mary Poppins,1964,suffragettes,7.8,
The Tortoise and the Hare,1935,silly symphony,7.2,
The Tortoise and the Hare,1935,tortoise,7.2,
The Tortoise and the Hare,1935,aesop's fables,7.2,
The Tortoise and the Hare,1935,short,7.2,
Steamboat Willie,1928,musical,7.6,
Mickey's Rival,1936,jealousy,6.9,
Mickey's Rival,1936,romantic rivalry,6.9,
Mickey's Rival,1936,minnie mouse,6.9,
Mickey's Rival,1936,short,6.9,
Timon,1973,stage play,8.3,
Finding Nemo,2003,parent child relationship,8.1,380529370.0
Finding Nemo,2003,harbor,8.1,380529370.0
Finding Nemo,2003,anthropomorphism,8.1,380529370.0
Finding Nemo,2003,underwater,8.1,380529370.0
Finding Nemo,2003,shark,8.1,380529370.0
Finding Nemo,2003,pelican,8.1,380529370.0
Finding Nemo,2003,fish tank,8.1,380529370.0
Finding Nemo,2003,great barrier reef,8.1,380529370.0
Finding Nemo,2003,sea turtle,8.1,380529370.0
Finding Nemo,2003,missing child,8.1,380529370.0
Finding Nemo,2003,aftercreditsstinger,8.1,380529370.0
Finding Nemo,2003,duringcreditsstinger,8.1,380529370.0
Finding Nemo,2003,short term memory loss,8.1,380529370.0
Finding Nemo,2003,clownfish,8.1,380529370.0
Finding Nemo,2003,father son reunion,8.1,380529370.0
Finding Nemo,2003,protective father,8.1,380529370.0
Foods and Fun: A Nutrition Adventure,1980,health,,
Foods and Fun: A Nutrition Adventure,1980,educational,,
Trolley Troubles,1927,silent film,6.3,
Winnie the Pooh and the Blustery Day,1968,short,8.0,
A Goofy Movie,1995,parent child relationship,6.8,
A Goofy Movie,1995,pop singer,6.8,
A Goofy Movie,1995,musical,6.8,
A Goofy Movie,1995,celebrity,6.8,
A Goofy Movie,1995,road trip,6.8,
A Goofy Movie,1995,dead mother,6.8,
A Goofy Movie,1995,first love,6.8,
A Goofy Movie,1995,goofy,6.8,
Tangled Ever After,2012,princess,7.6,
Tangled Ever After,2012,wedding ring,7.6,
Tangled Ever After,2012,wedding,7.6,
The Little Mermaid: Ariel's Beginning,2008,mermaid,6.3,
The Little Mermaid: Ariel's Beginning,2008,prequel,6.3,
The Little Mermaid: Ariel's Beginning,2008,children,6.3,
The Little Mermaid: Ariel's Beginning,2008,woman director,6.3,
The Little Mermaid: Ariel's Beginning,2008,undersea city,6.3,
TRON: Legacy,2010,artificial intelligence,6.8,172051787.0
TRON: Legacy,2010,secret identity,6.8,172051787.0
TRON: Legacy,2010,computer program,6.8,172051787.0
TRON: Legacy,2010,dystopia,6.8,172051787.0
TRON: Legacy,2010,computer,6.8,172051787.0
TRON: Legacy,2010,deception,6.8,172051787.0
TRON: Legacy,2010,duel,6.8,172051787.0
TRON: Legacy,2010,motorcycle,6.8,172051787.0
TRON: Legacy,2010,neon light,6.8,172051787.0
TRON: Legacy,2010,autocracy,6.8,172051787.0
The Reluctant Dragon,1941,dragon,7.0,
Frankenweenie,2012,shyness,6.9,35287788.0
Frankenweenie,2012,stop motion,6.9,35287788.0
Frankenweenie,2012,black and white,6.9,35287788.0
Frankenweenie,2012,retro,6.9,35287788.0
Frankenweenie,2012,dog,6.9,35287788.0
Frankenweenie,2012,animal death,6.9,35287788.0
Frankenweenie,2012,animal lover,6.9,35287788.0
